{
  "source": "poses/pose-models/poseModel-Animation-Female Start Walking.glb",
  "clip": "mixamo.com",
  "availableClips": [
    "mixamo.com"
  ],
  "sampleTime": 1.6,
  "pose": {
    "Hips": [
      0.046197,
      -0.0256512,
      0.0206478,
      0.9983895
    ],
    "Spine": [
      -0.0126102,
      0.0475071,
      0.0040046,
      0.9987833
    ],
    "Spine1": [
      -0.0139022,
      0.0373114,
      0.0014189,
      0.999206
    ],
    "Spine2": [
      -0.0143707,
      0.0371747,
      -0.0002621,
      0.9992054
    ],
    "Neck": [
      -0.0016764,
      -0.0045942,
      0.0000202,
      0.999988
    ],
    "Head": [
      -0.1430407,
      -0.0103527,
      -0.0351386,
      0.9890386
    ],
    "RightShoulder": [
      0.0979422,
      -0.0347854,
      -0.0184936,
      0.994412
    ],
    "RightArm": [
      0.340564,
      -0.2347615,
      -0.1934475,
      0.8896524
    ],
    "RightForeArm": [
      0,
      1e-7,
      -0.3452357,
      0.938516
    ],
    "RightHand": [
      -0.1839743,
      0.2099808,
      -0.031087,
      0.959737
    ],
    "RightHandThumb1": [
      -0.0451349,
      0.0277654,
      0.1047159,
      0.9930894
    ],
    "RightHandThumb2": [
      -0.0388226,
      -0.0080921,
      0.1739046,
      0.9839637
    ],
    "RightHandThumb3": [
      -0.0358319,
      -0.0038731,
      0.0362063,
      0.9986942
    ],
    "RightHandIndex1": [
      0.0617182,
      0.0000101,
      0.0076854,
      0.998064
    ],
    "RightHandIndex2": [
      0.0382951,
      -0.0000098,
      0.0044116,
      0.9992567
    ],
    "RightHandIndex3": [
      0.019151,
      0.0000017,
      0.0024222,
      0.9998137
    ],
    "RightHandMiddle1": [
      0.0617182,
      0.0000309,
      0.0080225,
      0.9980614
    ],
    "RightHandMiddle2": [
      0.038295,
      -0.0000326,
      0.0038178,
      0.9992592
    ],
    "RightHandMiddle3": [
      0.019151,
      0.0000062,
      0.002656,
      0.9998131
    ],
    "RightHandRing1": [
      0.0617173,
      -0.0000097,
      0.0073658,
      0.9980665
    ],
    "RightHandRing2": [
      0.0382951,
      0.0000085,
      0.0048886,
      0.9992545
    ],
    "RightHandRing3": [
      0.019151,
      0.0000022,
      0.0024466,
      0.9998136
    ],
    "RightHandPinky1": [
      0.061713,
      -0.0000321,
      0.0070026,
      0.9980694
    ],
    "RightHandPinky2": [
      0.038295,
      -0.0000324,
      0.0038213,
      0.9992592
    ],
    "RightHandPinky3": [
      0.019151,
      0.0000094,
      0.0028304,
      0.9998126
    ],
    "LeftShoulder": [
      0.0869846,
      0.0458601,
      0.0994243,
      0.9901744
    ],
    "LeftArm": [
      0.5260916,
      0.1607079,
      -0.0688141,
      0.8322651
    ],
    "LeftForeArm": [
      0,
      0,
      0.076162,
      0.9970955
    ],
    "LeftHand": [
      -0.1126416,
      -0.1240185,
      0.077848,
      0.9827873
    ],
    "LeftHandThumb1": [
      -0.1038147,
      0.01605,
      -0.124283,
      0.9866705
    ],
    "LeftHandThumb2": [
      0.0089812,
      0.0018429,
      -0.1158216,
      0.9932277
    ],
    "LeftHandThumb3": [
      -0.0146817,
      0.001951,
      -0.0271454,
      0.9995218
    ],
    "LeftHandIndex1": [
      0.0561853,
      0.0000024,
      -0.0067362,
      0.9983976
    ],
    "LeftHandIndex2": [
      0.0854191,
      -0.0000091,
      -0.0104127,
      0.9962907
    ],
    "LeftHandIndex3": [
      0.042749,
      0.0000029,
      -0.0050928,
      0.9990729
    ],
    "LeftHandMiddle1": [
      0.0560471,
      0.0000017,
      -0.0067324,
      0.9984054
    ],
    "LeftHandMiddle2": [
      0.085558,
      -0.0000018,
      -0.010346,
      0.9962795
    ],
    "LeftHandMiddle3": [
      0.042749,
      -0.0000011,
      -0.00518,
      0.9990724
    ],
    "LeftHandRing1": [
      0.0561853,
      -4e-7,
      -0.0067867,
      0.9983973
    ],
    "LeftHandRing2": [
      0.0854191,
      -2e-7,
      -0.0103084,
      0.9962918
    ],
    "LeftHandRing3": [
      0.042749,
      0,
      -0.005159,
      0.9990725
    ],
    "LeftHandPinky1": [
      0.0517155,
      0.0019119,
      -0.0441326,
      0.9976844
    ],
    "LeftHandPinky2": [
      0.0897982,
      0.0030863,
      0.0251494,
      0.9956376
    ],
    "LeftHandPinky3": [
      0.042749,
      0.0000028,
      -0.0050919,
      0.9990729
    ],
    "RightUpLeg": [
      -0.094605,
      0.150831,
      -0.0426788,
      0.9830963
    ],
    "RightLeg": [
      -0.2184815,
      -0.0502197,
      -0.0233325,
      0.9742687
    ],
    "RightFoot": [
      0.0824975,
      -0.1505756,
      -0.0563745,
      0.983536
    ],
    "RightToeBase": [
      0.2962059,
      0.0059151,
      0.0017809,
      0.9551041
    ],
    "LeftUpLeg": [
      0.3426972,
      0.0727542,
      -0.0192515,
      0.9364266
    ],
    "LeftLeg": [
      -0.1028211,
      -0.0626714,
      -0.0001058,
      0.9927236
    ],
    "LeftFoot": [
      -0.0634586,
      -0.0190867,
      0.0378933,
      0.9970821
    ]
  },
  "name": "Female Start Walking",
  "gender": "Female",
  "poseType": "Walking"
}
