{
  "source": "poses/pose-models/poseModel-Animation-Female Start Walking.glb",
  "clip": "mixamo.com",
  "availableClips": [
    "mixamo.com"
  ],
  "sampleTime": 0.6,
  "pose": {
    "Hips": [
      0.0754855,
      0.0378331,
      -0.0010934,
      0.9964283
    ],
    "Spine": [
      -0.0048954,
      -0.0203147,
      -0.0066078,
      0.9997598
    ],
    "Spine1": [
      -0.0039286,
      -0.0172362,
      0.0024775,
      0.9998407
    ],
    "Spine2": [
      -0.0039992,
      -0.0171487,
      0.0029156,
      0.9998407
    ],
    "Neck": [
      -0.0047975,
      -0.0052349,
      0.0041621,
      0.9999661
    ],
    "Head": [
      -0.0870372,
      -0.0096195,
      -0.0253611,
      0.9958357
    ],
    "RightShoulder": [
      0.0885983,
      -0.0257035,
      0.0043675,
      0.9957262
    ],
    "RightArm": [
      0.488917,
      -0.2957933,
      -0.1286633,
      0.8105012
    ],
    "RightForeArm": [
      2e-7,
      0,
      -0.1817028,
      0.9833535
    ],
    "RightHand": [
      -0.1846351,
      0.2499887,
      -0.0182357,
      0.9503068
    ],
    "RightHandThumb1": [
      -0.0451349,
      0.0277654,
      0.1047159,
      0.9930894
    ],
    "RightHandThumb2": [
      -0.0388226,
      -0.0080921,
      0.1739046,
      0.9839637
    ],
    "RightHandThumb3": [
      -0.0358319,
      -0.0038731,
      0.0362063,
      0.9986942
    ],
    "RightHandIndex1": [
      0.0617182,
      0.0000101,
      0.0076854,
      0.998064
    ],
    "RightHandIndex2": [
      0.0382951,
      -0.0000098,
      0.0044116,
      0.9992567
    ],
    "RightHandIndex3": [
      0.019151,
      0.0000017,
      0.0024222,
      0.9998137
    ],
    "RightHandMiddle1": [
      0.0617182,
      0.0000309,
      0.0080225,
      0.9980614
    ],
    "RightHandMiddle2": [
      0.038295,
      -0.0000326,
      0.0038178,
      0.9992592
    ],
    "RightHandMiddle3": [
      0.019151,
      0.0000062,
      0.002656,
      0.9998131
    ],
    "RightHandRing1": [
      0.0617173,
      -0.0000097,
      0.0073658,
      0.9980665
    ],
    "RightHandRing2": [
      0.0382951,
      0.0000085,
      0.0048886,
      0.9992545
    ],
    "RightHandRing3": [
      0.019151,
      0.0000022,
      0.0024466,
      0.9998136
    ],
    "RightHandPinky1": [
      0.061713,
      -0.0000321,
      0.0070026,
      0.9980694
    ],
    "RightHandPinky2": [
      0.038295,
      -0.0000324,
      0.0038213,
      0.9992592
    ],
    "RightHandPinky3": [
      0.019151,
      0.0000094,
      0.0028304,
      0.9998126
    ],
    "LeftShoulder": [
      0.0881491,
      0.0539498,
      0.1164986,
      0.9877992
    ],
    "LeftArm": [
      0.4586028,
      0.2707069,
      0.2113494,
      0.819593
    ],
    "LeftForeArm": [
      1e-7,
      0,
      0.1178875,
      0.993027
    ],
    "LeftHand": [
      -0.0578995,
      -0.3282053,
      0.081011,
      0.9393435
    ],
    "LeftHandThumb1": [
      -0.1038147,
      0.01605,
      -0.124283,
      0.9866705
    ],
    "LeftHandThumb2": [
      0.0089812,
      0.0018429,
      -0.1158216,
      0.9932277
    ],
    "LeftHandThumb3": [
      -0.0146817,
      0.001951,
      -0.0271454,
      0.9995218
    ],
    "LeftHandIndex1": [
      0.0561853,
      0.0000024,
      -0.0067362,
      0.9983976
    ],
    "LeftHandIndex2": [
      0.0854191,
      -0.0000091,
      -0.0104127,
      0.9962907
    ],
    "LeftHandIndex3": [
      0.042749,
      0.0000029,
      -0.0050928,
      0.9990729
    ],
    "LeftHandMiddle1": [
      0.0560471,
      0.0000017,
      -0.0067324,
      0.9984054
    ],
    "LeftHandMiddle2": [
      0.085558,
      -0.0000018,
      -0.010346,
      0.9962795
    ],
    "LeftHandMiddle3": [
      0.042749,
      -0.0000011,
      -0.00518,
      0.9990724
    ],
    "LeftHandRing1": [
      0.0561853,
      -4e-7,
      -0.0067867,
      0.9983973
    ],
    "LeftHandRing2": [
      0.0854191,
      -2e-7,
      -0.0103084,
      0.9962918
    ],
    "LeftHandRing3": [
      0.042749,
      0,
      -0.005159,
      0.9990725
    ],
    "LeftHandPinky1": [
      0.0517155,
      0.0019119,
      -0.0441326,
      0.9976844
    ],
    "LeftHandPinky2": [
      0.0897982,
      0.0030863,
      0.0251494,
      0.9956376
    ],
    "LeftHandPinky3": [
      0.042749,
      0.0000028,
      -0.0050919,
      0.9990729
    ],
    "RightUpLeg": [
      0.3460295,
      0.1546886,
      -0.0139079,
      0.9252792
    ],
    "RightLeg": [
      -0.4475633,
      -0.0928236,
      0.0077868,
      0.8893876
    ],
    "RightFoot": [
      -0.0170423,
      -0.0638496,
      -0.0366772,
      0.9971397
    ],
    "LeftUpLeg": [
      0.0797014,
      0.0394604,
      -0.0537382,
      0.9945867
    ],
    "LeftLeg": [
      -0.1339474,
      -0.0912489,
      0.0134856,
      0.9866863
    ],
    "LeftFoot": [
      0.1348852,
      0.0143368,
      0.0168479,
      0.9906142
    ],
    "LeftToeBase": [
      0.0150662,
      0,
      0,
      0.9998865
    ]
  },
  "name": "Female Start Walking",
  "gender": "Female",
  "poseType": "Walking"
}
