{
  "source": "poses/pose-models/poseModel-Animation-MaleWalking.glb",
  "clip": "mixamo.com",
  "availableClips": [
    "mixamo.com"
  ],
  "sampleTime": 1,
  "pose": {
    "Hips": [
      0.0192698,
      0.0307814,
      -0.00164,
      0.999339
    ],
    "Spine": [
      0.0159955,
      -0.0279693,
      -0.0069169,
      0.9994569
    ],
    "Spine1": [
      0.0355833,
      -0.0659571,
      0.0147834,
      0.9970782
    ],
    "Spine2": [
      0.0352892,
      -0.0656552,
      0.0165569,
      0.9970807
    ],
    "Neck": [
      -0.0666487,
      0.017707,
      0.0186887,
      0.9974443
    ],
    "Head": [
      -0.1284524,
      0.1137836,
      0.0142094,
      0.9850641
    ],
    "RightShoulder": [
      0.0843232,
      -0.0113018,
      0.0548266,
      0.9948648
    ],
    "RightArm": [
      0.5105459,
      0.1349721,
      0.0419308,
      0.8481552
    ],
    "RightForeArm": [
      -1e-7,
      0,
      -0.0831607,
      0.9965362
    ],
    "RightHand": [
      0.0925486,
      -0.2755592,
      0.122038,
      0.949004
    ],
    "RightHandThumb1": [
      -0.0653663,
      -0.0003989,
      0.0273562,
      0.9974862
    ],
    "RightHandThumb2": [
      0.0722697,
      -0.0927226,
      0.1483881,
      0.9819168
    ],
    "RightHandThumb3": [
      0.015758,
      -0.0489334,
      0.0237969,
      0.9983942
    ],
    "RightHandIndex2": [
      0.0831865,
      -0.0000212,
      0.0098835,
      0.996485
    ],
    "RightHandIndex3": [
      0.0416298,
      0.0000037,
      0.0051616,
      0.9991198
    ],
    "RightHandMiddle2": [
      0.0831865,
      -0.0000707,
      0.0092913,
      0.9964907
    ],
    "RightHandMiddle3": [
      0.0416298,
      0.0000134,
      0.0053953,
      0.9991185
    ],
    "RightHandRing2": [
      0.0831865,
      0.0000185,
      0.0103592,
      0.9964801
    ],
    "RightHandRing3": [
      0.0416298,
      0.0000047,
      0.005186,
      0.9991196
    ],
    "RightHandPinky2": [
      0.0831865,
      -0.0000704,
      0.0092948,
      0.9964906
    ],
    "RightHandPinky3": [
      0.0416298,
      0.0000206,
      0.0055696,
      0.9991176
    ],
    "LeftShoulder": [
      0.0494449,
      0.0499839,
      0.1180871,
      0.9905111
    ],
    "LeftArm": [
      0.4068624,
      -0.1476531,
      0.2157169,
      0.8752873
    ],
    "LeftForeArm": [
      1e-7,
      0,
      0.3729228,
      0.9278624
    ],
    "LeftHand": [
      0.1330382,
      0.0252746,
      -0.0181968,
      0.9906215
    ],
    "LeftHandThumb1": [
      -0.0131018,
      -0.112833,
      -0.1625727,
      0.9801363
    ],
    "LeftHandThumb2": [
      -0.0469403,
      -0.0429265,
      -0.1917086,
      0.9793884
    ],
    "LeftHandThumb3": [
      -0.0407759,
      -0.021149,
      -0.066349,
      0.9967386
    ],
    "LeftHandIndex1": [
      0.2563802,
      0.0000108,
      -0.0308971,
      0.9660821
    ],
    "LeftHandIndex2": [
      0.1795172,
      -0.000019,
      -0.0217673,
      0.983514
    ],
    "LeftHandIndex3": [
      0.0901309,
      0.0000059,
      -0.010811,
      0.9958713
    ],
    "LeftHandMiddle1": [
      0.2562462,
      0.0000075,
      -0.0308934,
      0.9661177
    ],
    "LeftHandMiddle2": [
      0.1796543,
      -0.0000039,
      -0.0217014,
      0.9834904
    ],
    "LeftHandMiddle3": [
      0.0901309,
      -0.000002,
      -0.0108979,
      0.9958703
    ],
    "LeftHandRing1": [
      0.2563802,
      -0.0000022,
      -0.030946,
      0.9660805
    ],
    "LeftHandRing2": [
      0.1795172,
      -2e-7,
      -0.0216644,
      0.9835163
    ],
    "LeftHandRing3": [
      0.0901309,
      -1e-7,
      -0.010877,
      0.9958705
    ],
    "LeftHandPinky1": [
      0.2519408,
      0.0086914,
      -0.0670675,
      0.9653767
    ],
    "LeftHandPinky2": [
      0.183779,
      0.0064849,
      0.0133462,
      0.9828556
    ],
    "LeftHandPinky3": [
      0.0901308,
      0.000006,
      -0.01081,
      0.9958713
    ],
    "RightUpLeg": [
      0.2588074,
      0.0151328,
      0.0085015,
      0.965773
    ],
    "RightLeg": [
      -0.0207791,
      0.0868439,
      -0.0032963,
      0.9959997
    ],
    "RightFoot": [
      0.0050707,
      0.0346061,
      -0.0875274,
      0.9955479
    ],
    "LeftUpLeg": [
      -0.0576939,
      -0.0054708,
      -0.0348967,
      0.9977092
    ],
    "LeftLeg": [
      -0.1729249,
      -0.0271093,
      0.0051072,
      0.9845486
    ],
    "LeftFoot": [
      0.1279648,
      0.0190417,
      0.0280314,
      0.9911996
    ],
    "LeftToeBase": [
      0.1065873,
      0,
      0,
      0.9943034
    ]
  },
  "name": "Male Walking",
  "gender": "Male",
  "poseType": "Walking"
}
