{
  "source": "poses/pose-models/poseModel-Animation-MaleWalking.glb",
  "clip": "mixamo.com",
  "availableClips": [
    "mixamo.com"
  ],
  "sampleTime": 0.4,
  "pose": {
    "Hips": [
      0.0275124,
      -0.0831693,
      0.0311895,
      0.9956672
    ],
    "Spine": [
      0.0146724,
      0.026598,
      -0.0081361,
      0.9995054
    ],
    "Spine1": [
      0.0303409,
      0.0602619,
      -0.031137,
      0.9972354
    ],
    "Spine2": [
      0.0302098,
      0.0595835,
      -0.0325302,
      0.9972357
    ],
    "Neck": [
      -0.0755947,
      -0.0036258,
      -0.0028865,
      0.9971279
    ],
    "Head": [
      -0.1398713,
      -0.0191386,
      -0.0165588,
      0.9898462
    ],
    "RightShoulder": [
      0.0663347,
      -0.0616587,
      -0.1277919,
      0.9876574
    ],
    "RightArm": [
      0.4572636,
      0.1870777,
      -0.2431929,
      0.834727
    ],
    "RightForeArm": [
      1e-7,
      0,
      -0.2213845,
      0.9751866
    ],
    "RightHand": [
      0.1591371,
      -0.3369869,
      -0.0325398,
      0.9273922
    ],
    "RightHandThumb1": [
      -0.0653663,
      -0.0003989,
      0.0273562,
      0.9974862
    ],
    "RightHandThumb2": [
      0.057362,
      -0.0842979,
      0.1821172,
      0.9779759
    ],
    "RightHandThumb3": [
      0.0097401,
      -0.0438243,
      0.041096,
      0.9981461
    ],
    "RightHandIndex1": [
      0.1146733,
      0.0000189,
      0.0141386,
      0.9933026
    ],
    "RightHandIndex2": [
      0.2080747,
      -0.0000533,
      0.0251089,
      0.9777906
    ],
    "RightHandIndex3": [
      0.10462,
      0.0000092,
      0.0128381,
      0.9944294
    ],
    "RightHandMiddle1": [
      0.1146732,
      0.0000576,
      0.0144741,
      0.9932978
    ],
    "RightHandMiddle2": [
      0.2080746,
      -0.0001769,
      0.0245278,
      0.9778054
    ],
    "RightHandMiddle3": [
      0.10462,
      0.0000336,
      0.0130707,
      0.9944264
    ],
    "RightHandRing1": [
      0.1146724,
      -0.0000179,
      0.0138205,
      0.9933072
    ],
    "RightHandRing2": [
      0.2080747,
      0.0000461,
      0.0255756,
      0.9777785
    ],
    "RightHandRing3": [
      0.10462,
      0.0000117,
      0.0128624,
      0.9944291
    ],
    "RightHandPinky1": [
      0.114668,
      -0.0000595,
      0.013459,
      0.9933127
    ],
    "RightHandPinky2": [
      0.2080746,
      -0.0001762,
      0.0245312,
      0.9778053
    ],
    "RightHandPinky3": [
      0.10462,
      0.0000519,
      0.0132442,
      0.9944241
    ],
    "LeftShoulder": [
      0.0867733,
      0.0206955,
      -0.0255182,
      0.9956861
    ],
    "LeftArm": [
      0.5134416,
      -0.14038,
      -0.0009319,
      0.8465638
    ],
    "LeftHand": [
      0.1540363,
      0.2067389,
      -0.0816583,
      0.9627377
    ],
    "LeftHandThumb1": [
      -0.0133549,
      -0.0612729,
      -0.0646767,
      0.9959338
    ],
    "LeftHandThumb2": [
      -0.0449924,
      -0.0407765,
      -0.1856136,
      0.9807449
    ],
    "LeftHandThumb3": [
      -0.0398951,
      -0.0200937,
      -0.0632037,
      0.9970005
    ],
    "LeftHandIndex1": [
      0.0494973,
      0.0000021,
      -0.005929,
      0.9987567
    ],
    "LeftHandIndex2": [
      0.0626856,
      -0.0000066,
      -0.0076694,
      0.9980039
    ],
    "LeftHandIndex3": [
      0.0313584,
      0.000002,
      -0.003718,
      0.9995013
    ],
    "LeftHandMiddle1": [
      0.0493591,
      0.0000014,
      -0.0059253,
      0.9987635
    ],
    "LeftHandMiddle2": [
      0.062825,
      -0.0000013,
      -0.0076026,
      0.9979956
    ],
    "LeftHandMiddle3": [
      0.0313584,
      -7e-7,
      -0.0038053,
      0.999501
    ],
    "LeftHandRing1": [
      0.0494973,
      -4e-7,
      -0.0059796,
      0.9987564
    ],
    "LeftHandRing2": [
      0.0626856,
      0,
      -0.0075649,
      0.9980047
    ],
    "LeftHandRing3": [
      0.0313584,
      -1e-7,
      -0.0037843,
      0.999501
    ],
    "LeftHandPinky1": [
      0.0450297,
      0.0016857,
      -0.0433394,
      0.9980437
    ],
    "LeftHandPinky2": [
      0.0670871,
      0.002265,
      0.0279521,
      0.9973529
    ],
    "LeftHandPinky3": [
      0.0313584,
      0.0000021,
      -0.0037172,
      0.9995013
    ],
    "RightUpLeg": [
      -0.0550559,
      0.0366354,
      -0.0348302,
      0.9972029
    ],
    "RightLeg": [
      -0.2716846,
      0.0617642,
      -0.0161157,
      0.9602671
    ],
    "RightFoot": [
      0.0154111,
      0.0130211,
      0.0083414,
      0.9997617
    ],
    "RightToeBase": [
      0.3367975,
      0,
      0,
      0.9415771
    ],
    "LeftUpLeg": [
      0.3234272,
      -0.0118969,
      -0.0247814,
      0.9458537
    ],
    "LeftLeg": [
      -0.2050166,
      -0.077265,
      0.0172236,
      0.975552
    ],
    "LeftFoot": [
      -0.0444024,
      -0.0249039,
      0.0557435,
      0.9971464
    ]
  },
  "name": "Male Walking",
  "gender": "Male",
  "poseType": "Walking"
}
