{
  "source": "public/models/Y Bot.glb",
  "bind": {
    "Hips": [
      0,
      -0.0000017,
      0.0000436,
      1
    ],
    "Spine": [
      -0.0607302,
      0,
      0.0000061,
      0.9981542
    ],
    "Spine1": [
      0.0001961,
      0,
      -0.0000093,
      1
    ],
    "Spine2": [
      0.0577117,
      0.0000022,
      0.0000033,
      0.9983333
    ],
    "Neck": [
      0.0028277,
      0,
      0,
      0.999996
    ],
    "Head": [
      0,
      0,
      0,
      1
    ],
    "HeadTop_End": [
      0,
      0,
      0,
      1
    ],
    "LeftShoulder": [
      -0.4538351,
      -0.5448493,
      0.5511388,
      -0.4397942
    ],
    "LeftArm": [
      -0.0104518,
      -0.0010627,
      0.1011505,
      0.9948156
    ],
    "LeftForeArm": [
      0,
      0,
      0,
      1
    ],
    "LeftHand": [
      0,
      0,
      0,
      1
    ],
    "LeftHandThumb1": [
      0.2518949,
      -0.059464,
      0.2219235,
      0.9400867
    ],
    "LeftHandThumb2": [
      0.0000069,
      0,
      8e-7,
      1
    ],
    "LeftHandThumb3": [
      0,
      0,
      0,
      1
    ],
    "LeftHandThumb4": [
      0.0091468,
      0.1256374,
      0.0720725,
      0.9894125
    ],
    "LeftHandIndex1": [
      6e-7,
      0,
      0.0000049,
      1
    ],
    "LeftHandIndex2": [
      0,
      0,
      -0.0000062,
      1
    ],
    "LeftHandIndex3": [
      0,
      0,
      0,
      1
    ],
    "LeftHandIndex4": [
      0.000001,
      0.0040016,
      0.0000228,
      0.999992
    ],
    "LeftHandMiddle1": [
      6e-7,
      0,
      2e-7,
      1
    ],
    "LeftHandMiddle2": [
      0,
      0,
      0,
      1
    ],
    "LeftHandMiddle3": [
      0,
      0,
      0,
      1
    ],
    "LeftHandMiddle4": [
      -0.0000013,
      0.0045794,
      -0.0006541,
      0.9999893
    ],
    "LeftHandRing1": [
      6e-7,
      0,
      0.0000048,
      1
    ],
    "LeftHandRing2": [
      -0.0000023,
      0,
      -0.0000081,
      1
    ],
    "LeftHandRing3": [
      0,
      0,
      0,
      1
    ],
    "LeftHandRing4": [
      0.0000085,
      0.0073965,
      0.0007708,
      0.9999723
    ],
    "LeftHandPinky1": [
      0.0000029,
      0,
      0.0001411,
      1
    ],
    "LeftHandPinky2": [
      -0.000006,
      0,
      -0.0003679,
      0.9999999
    ],
    "LeftHandPinky3": [
      0.0000037,
      0,
      0.0002298,
      1
    ],
    "LeftHandPinky4": [
      -0.000001,
      0.0040999,
      -0.0005751,
      0.9999914
    ],
    "RightShoulder": [
      -0.4538376,
      0.5448472,
      -0.55114,
      -0.4397927
    ],
    "RightArm": [
      -0.0104554,
      0.0010631,
      -0.1011494,
      0.9948158
    ],
    "RightForeArm": [
      0,
      0,
      0,
      1
    ],
    "RightHand": [
      0,
      0,
      0,
      1
    ],
    "RightHandThumb1": [
      0.251895,
      0.0594643,
      -0.2219235,
      0.9400867
    ],
    "RightHandThumb2": [
      0.0000085,
      0,
      -4e-7,
      1
    ],
    "RightHandThumb3": [
      0,
      0,
      0,
      1
    ],
    "RightHandThumb4": [
      0.0092321,
      -0.1271302,
      -0.0723277,
      0.9892024
    ],
    "RightHandIndex1": [
      6e-7,
      0,
      -0.0000047,
      1
    ],
    "RightHandIndex2": [
      0,
      0,
      0.000006,
      1
    ],
    "RightHandIndex3": [
      0,
      0,
      0,
      1
    ],
    "RightHandIndex4": [
      -0.0000729,
      -0.0067093,
      0.0013745,
      0.9999765
    ],
    "RightHandMiddle1": [
      6e-7,
      0,
      -4e-7,
      1
    ],
    "RightHandMiddle2": [
      0,
      0,
      0,
      1
    ],
    "RightHandMiddle3": [
      0,
      0,
      0,
      1
    ],
    "RightHandMiddle4": [
      -0.0000516,
      -0.0066952,
      -0.0017083,
      0.9999761
    ],
    "RightHandRing1": [
      6e-7,
      0,
      -0.0000048,
      1
    ],
    "RightHandRing2": [
      0,
      0,
      0.0000081,
      1
    ],
    "RightHandRing3": [
      0,
      0,
      0,
      1
    ],
    "RightHandRing4": [
      -0.0000616,
      -0.0076132,
      -0.0003002,
      0.999971
    ],
    "RightHandPinky1": [
      6e-7,
      0,
      -0.0000031,
      1
    ],
    "RightHandPinky2": [
      0,
      0,
      0.0000104,
      1
    ],
    "RightHandPinky3": [
      0,
      0,
      -0.0000104,
      1
    ],
    "RightHandPinky4": [
      -0.0000823,
      -0.0084988,
      0.0022061,
      0.9999614
    ],
    "LeftUpLeg": [
      -0.0000203,
      0.0063502,
      -0.9999754,
      0.0029696
    ],
    "LeftLeg": [
      -0.0181143,
      0.0001825,
      -0.0059201,
      0.9998184
    ],
    "LeftFoot": [
      0.5405498,
      0.0143665,
      0.024951,
      0.8408192
    ],
    "LeftToeBase": [
      0.2276921,
      -0.0325215,
      -0.0153656,
      0.9730687
    ],
    "LeftToe_End": [
      0,
      0,
      0,
      1
    ],
    "RightUpLeg": [
      -0.000018,
      -0.0063338,
      0.9999753,
      0.0030575
    ],
    "RightLeg": [
      -0.0181471,
      -0.0001825,
      0.0059201,
      0.9998178
    ],
    "RightFoot": [
      0.5405636,
      -0.014366,
      -0.0249512,
      0.8408104
    ],
    "RightToeBase": [
      0.2277087,
      0.0321196,
      0.0152579,
      0.9730798
    ],
    "RightToe_End": [
      0,
      0,
      0,
      1
    ]
  },
  "name": "Mixamo Reference Bind",
  "gender": "Either",
  "poseType": "Reference"
}
