{
  "source": "poses/pose-models/poseModel-animation-MaleSittingSlouched.glb",
  "clip": "mixamo.com",
  "availableClips": [
    "mixamo.com"
  ],
  "sampleTime": 0.03333333507180214,
  "pose": {
    "Hips": [
      -0.3191253,
      0.0729463,
      -0.0385702,
      0.9441135
    ],
    "Spine": [
      0.1362856,
      0.0333124,
      0.0126834,
      0.9900281
    ],
    "Spine1": [
      0.0388942,
      0.0331035,
      0.0008509,
      0.9986945
    ],
    "Spine2": [
      0.0393269,
      0.0318003,
      -0.0020828,
      0.9987181
    ],
    "Neck": [
      0.3670521,
      0.0075098,
      0.0259077,
      0.9298092
    ],
    "Head": [
      0.0082775,
      0.0237475,
      -0.0109021,
      0.9996243
    ],
    "RightShoulder": [
      0.1991848,
      -0.0600517,
      -0.0655986,
      0.9759181
    ],
    "RightArm": [
      0.3768757,
      -0.1183329,
      -0.1690019,
      0.9029952
    ],
    "RightForeArm": [
      -0.2393467,
      -0.4106464,
      -0.443136,
      0.7600745
    ],
    "RightHand": [
      0.1322723,
      0.0429777,
      0.0227027,
      0.990021
    ],
    "RightHandThumb1": [
      -0.0190993,
      0.0141746,
      0.0581118,
      0.9980267
    ],
    "RightHandThumb2": [
      -0.0064343,
      -0.0040401,
      0.1674144,
      0.9858573
    ],
    "RightHandThumb3": [
      -0.0156937,
      -0.0012318,
      -0.0755356,
      0.9970188
    ],
    "RightHandIndex1": [
      0.1162508,
      -0.0101966,
      0.0544922,
      0.9916715
    ],
    "RightHandIndex2": [
      0.0454532,
      -0.0000387,
      0.0018547,
      0.9989647
    ],
    "RightHandIndex3": [
      0.0438349,
      -0.0001397,
      0.0016146,
      0.9990375
    ],
    "RightHandMiddle1": [
      0.0812079,
      0.007826,
      0.0272145,
      0.9962948
    ],
    "RightHandMiddle2": [
      0.2654365,
      -0.0003543,
      0.0049149,
      0.9641158
    ],
    "RightHandMiddle3": [
      0.1002521,
      -0.00011,
      0.0004798,
      0.9949619
    ],
    "RightHandRing1": [
      0.0947366,
      0.040337,
      0.0703346,
      0.992195
    ],
    "RightHandRing2": [
      0.2833347,
      0.0008139,
      0.0027629,
      0.9590168
    ],
    "RightHandRing3": [
      0.2224837,
      -0.000613,
      0.0065096,
      0.9749145
    ],
    "RightHandPinky1": [
      0.1562766,
      0.0300194,
      0.0357941,
      0.9866079
    ],
    "RightHandPinky2": [
      0.2150095,
      -0.0001941,
      0.0008174,
      0.9766116
    ],
    "RightHandPinky3": [
      0.2944705,
      -0.0001981,
      0.0022783,
      0.9556578
    ],
    "LeftShoulder": [
      0.037739,
      0.0246713,
      0.0928063,
      0.9946628
    ],
    "LeftArm": [
      0.2142984,
      0.4767036,
      0.3234984,
      0.788783
    ],
    "LeftForeArm": [
      -0.1576387,
      0.2910515,
      0.4495327,
      0.8296742
    ],
    "LeftHand": [
      -0.6490035,
      -0.085973,
      0.1412856,
      0.742591
    ],
    "LeftHandThumb1": [
      -0.1588308,
      0.0639198,
      0.1270114,
      0.9770134
    ],
    "LeftHandThumb2": [
      -0.0394659,
      -0.0008753,
      -0.2965564,
      0.9541991
    ],
    "LeftHandThumb3": [
      -0.0837627,
      -0.0081284,
      -0.1927687,
      0.9776287
    ],
    "LeftHandIndex1": [
      0.2430634,
      0.1135556,
      -0.0357498,
      0.9626771
    ],
    "LeftHandIndex2": [
      0.2497957,
      0.000431,
      -0.0022033,
      0.968296
    ],
    "LeftHandIndex3": [
      0.2469495,
      0.0003491,
      -0.0016717,
      0.9690269
    ],
    "LeftHandMiddle1": [
      0.158593,
      0.0299007,
      -0.0427519,
      0.9859647
    ],
    "LeftHandMiddle2": [
      0.3384592,
      0.0005546,
      -0.0057412,
      0.9409634
    ],
    "LeftHandMiddle3": [
      0.1761211,
      0.0001489,
      -0.0001838,
      0.9843685
    ],
    "LeftHandRing1": [
      0.1134819,
      -0.0193902,
      -0.1026397,
      0.9880339
    ],
    "LeftHandRing2": [
      0.3094963,
      -0.0006835,
      -0.0025728,
      0.9508969
    ],
    "LeftHandRing3": [
      0.2480706,
      0.0007404,
      -0.0063691,
      0.9687207
    ],
    "LeftHandPinky1": [
      0.0904854,
      -0.1035453,
      -0.1846029,
      0.9731457
    ],
    "LeftHandPinky2": [
      0.1554057,
      -0.0000509,
      -0.0014199,
      0.9878497
    ],
    "LeftHandPinky3": [
      0.2346164,
      0.0002594,
      -0.0017413,
      0.9720864
    ],
    "RightUpLeg": [
      0.4104354,
      0.1180925,
      -0.1561023,
      0.8906341
    ],
    "RightLeg": [
      -0.7121611,
      -0.0629847,
      0.0583271,
      0.6967478
    ],
    "RightFoot": [
      0.0291466,
      0.0148674,
      0.0094454,
      0.9994199
    ],
    "RightToeBase": [
      0.0175601,
      0,
      0,
      0.9998458
    ],
    "LeftUpLeg": [
      0.4182321,
      -0.1981034,
      0.1807918,
      0.8678429
    ],
    "LeftLeg": [
      -0.7956515,
      -0.0641699,
      0.0870229,
      0.5960268
    ],
    "LeftFoot": [
      0.2277347,
      0.0749697,
      0.0549449,
      0.9692768
    ],
    "LeftToeBase": [
      0.0566304,
      -1e-7,
      0,
      0.9983952
    ]
  }
}
