{
  "source": "poses/pose-models/PoseModel-MaleRecliningRelaxedWithArmsBehindHead.glb",
  "clip": "mixamo.com",
  "availableClips": [
    "mixamo.com"
  ],
  "sampleTime": 0.03333333507180214,
  "pose": {
    "Hips": [
      -0.3895645,
      -0.0051592,
      -0.0296151,
      0.9205085
    ],
    "Spine": [
      0.096353,
      -0.0022464,
      0.0417874,
      0.9944671
    ],
    "Spine1": [
      -0.0152765,
      0.0013469,
      0.0014741,
      0.9998813
    ],
    "Spine2": [
      -0.0152202,
      0.0018824,
      0.0013367,
      0.9998815
    ],
    "Neck": [
      0.2092035,
      -0.0029536,
      0.0179564,
      0.9777028
    ],
    "Head": [
      0.0490266,
      0.0200257,
      -0.0129693,
      0.9985125
    ],
    "RightShoulder": [
      -0.2963412,
      0.0100614,
      -0.0506138,
      0.953687
    ],
    "RightArm": [
      0.130043,
      0.7444936,
      -0.0850982,
      0.6492892
    ],
    "RightForeArm": [
      0.0866402,
      0.0413174,
      -0.8984949,
      0.4283611
    ],
    "RightHand": [
      0.0691601,
      0.1543504,
      -0.1100637,
      0.9794278
    ],
    "RightHandThumb1": [
      -0.1774748,
      -0.0654413,
      0.0085791,
      0.9819096
    ],
    "RightHandThumb2": [
      0.0182158,
      -0.0033785,
      0.0717541,
      0.9972503
    ],
    "RightHandThumb3": [
      -0.0410369,
      0.0050056,
      0.0274015,
      0.9987693
    ],
    "RightHandIndex1": [
      0.071956,
      -0.0182325,
      0.0332795,
      0.9966857
    ],
    "RightHandIndex2": [
      0.1617979,
      0.0001699,
      0.0019843,
      0.9868219
    ],
    "RightHandIndex3": [
      0.1259666,
      -0.0002041,
      0.0017199,
      0.992033
    ],
    "RightHandMiddle1": [
      0.093644,
      0.0212716,
      0.047893,
      0.9942256
    ],
    "RightHandMiddle2": [
      0.2082937,
      0.0002126,
      0.0049935,
      0.9780536
    ],
    "RightHandMiddle3": [
      0.0763123,
      -0.0002797,
      0.0008239,
      0.9970836
    ],
    "RightHandRing1": [
      0.0471464,
      0.0930036,
      0.0429114,
      0.9936227
    ],
    "RightHandRing2": [
      0.2414726,
      0.0012658,
      0.0029506,
      0.9704023
    ],
    "RightHandRing3": [
      0.0911781,
      0.0001361,
      0.0063135,
      0.9958146
    ],
    "RightHandPinky1": [
      0.0983739,
      0.1326874,
      -0.0124309,
      0.9861856
    ],
    "RightHandPinky2": [
      0.2018895,
      0.0001733,
      0.0013987,
      0.9794073
    ],
    "RightHandPinky3": [
      0.0340011,
      0.0000194,
      0.0017242,
      0.9994203
    ],
    "LeftShoulder": [
      -0.1943017,
      -0.0294194,
      -0.0164909,
      0.9803619
    ],
    "LeftArm": [
      0.2164073,
      -0.6295246,
      0.3294438,
      0.6695771
    ],
    "LeftForeArm": [
      0.0953009,
      -0.0491561,
      0.8833986,
      0.4561888
    ],
    "LeftHand": [
      0.1860748,
      -0.040615,
      0.0751175,
      0.9788176
    ],
    "LeftHandThumb1": [
      -0.1455372,
      0.0363995,
      -0.0147917,
      0.9885723
    ],
    "LeftHandThumb2": [
      0.0176214,
      0.0032912,
      -0.0742219,
      0.9970806
    ],
    "LeftHandThumb3": [
      -0.0415395,
      -0.0049275,
      -0.029622,
      0.9986855
    ],
    "LeftHandIndex1": [
      0.1941828,
      0.0219429,
      -0.0507382,
      0.9794066
    ],
    "LeftHandIndex2": [
      0.194242,
      -0.0001606,
      -0.0023511,
      0.9809508
    ],
    "LeftHandIndex3": [
      0.1623501,
      0.0003493,
      -0.0016069,
      0.9867319
    ],
    "LeftHandMiddle1": [
      0.1429822,
      -0.0247081,
      -0.0467437,
      0.988312
    ],
    "LeftHandMiddle2": [
      0.256716,
      -0.0001049,
      -0.0058671,
      0.9664691
    ],
    "LeftHandMiddle3": [
      0.1258435,
      0.0003254,
      -0.0005179,
      0.9920499
    ],
    "LeftHandRing1": [
      0.1075624,
      -0.0525948,
      -0.0832775,
      0.9893073
    ],
    "LeftHandRing2": [
      0.2940409,
      -0.0010669,
      -0.0028075,
      0.9557881
    ],
    "LeftHandRing3": [
      0.1453554,
      0.0002117,
      -0.0062104,
      0.98936
    ],
    "LeftHandPinky1": [
      0.1731237,
      -0.0719691,
      -0.0892729,
      0.9782019
    ],
    "LeftHandPinky2": [
      0.2633187,
      -0.0001522,
      -0.0020538,
      0.9647067
    ],
    "LeftHandPinky3": [
      0.097028,
      0.000082,
      -0.0011716,
      0.995281
    ],
    "RightUpLeg": [
      0.2162567,
      0.0758193,
      0.0688738,
      0.9709484
    ],
    "RightLeg": [
      -0.1724159,
      -0.1205458,
      0.0478774,
      0.9764472
    ],
    "RightFoot": [
      -0.1742318,
      0.0091586,
      0.0182642,
      0.9844927
    ],
    "RightToeBase": [
      0.0162453,
      0,
      0,
      0.999868
    ],
    "LeftUpLeg": [
      0.2545704,
      -0.136243,
      -0.0656849,
      0.955153
    ],
    "LeftLeg": [
      -0.1573878,
      0.1127315,
      -0.0302712,
      0.9806143
    ],
    "LeftFoot": [
      -0.1015759,
      -0.0246456,
      -0.0806044,
      0.9912507
    ],
    "LeftToeBase": [
      -0.0306795,
      1e-7,
      -1e-7,
      0.9995293
    ]
  }
}
