{
  "source": "poses/pose-models/poseModel-MaleSittingOnGroundWithHandsCrossedArmsOnKnees.glb",
  "clip": "mixamo.com",
  "availableClips": [
    "mixamo.com"
  ],
  "sampleTime": 0,
  "pose": {
    "Hips": [
      -0.2109357,
      0.017943,
      -0.032544,
      0.9767932
    ],
    "Spine": [
      0.301067,
      0.0010544,
      0.0611476,
      0.9516399
    ],
    "Spine1": [
      0.04454,
      0.0399002,
      -0.03837,
      0.9974728
    ],
    "Spine2": [
      0.0239979,
      -0.0166376,
      -0.0333074,
      0.9990185
    ],
    "Neck": [
      0.0243347,
      -0.0276398,
      0.0389501,
      0.9985623
    ],
    "Head": [
      -0.0843166,
      -0.0057033,
      -0.0165528,
      0.9962852
    ],
    "RightShoulder": [
      -0.0054751,
      -0.0318316,
      -0.2348883,
      0.9714856
    ],
    "RightArm": [
      -0.0130251,
      -0.0250948,
      -0.3885489,
      0.9209942
    ],
    "RightForeArm": [
      -0.0242056,
      -0.0546538,
      -0.4041441,
      0.9127401
    ],
    "RightHand": [
      0.0973519,
      0.213261,
      -0.1196213,
      0.9647451
    ],
    "RightHandThumb1": [
      -0.1774763,
      -0.065441,
      0.008579,
      0.9819094
    ],
    "RightHandThumb2": [
      0.0182155,
      -0.00338,
      0.0717533,
      0.9972503
    ],
    "RightHandThumb3": [
      -0.041038,
      0.005007,
      0.0274018,
      0.9987692
    ],
    "RightHandIndex1": [
      0.0719555,
      -0.0182315,
      0.0332811,
      0.9966857
    ],
    "RightHandIndex2": [
      0.161798,
      0.0001713,
      0.0019851,
      0.9868219
    ],
    "RightHandIndex3": [
      0.1259672,
      -0.0002039,
      0.0017204,
      0.9920329
    ],
    "RightHandMiddle1": [
      0.0936438,
      0.021272,
      0.0478937,
      0.9942256
    ],
    "RightHandMiddle2": [
      0.2082947,
      0.0002129,
      0.0049937,
      0.9780533
    ],
    "RightHandMiddle3": [
      0.0763116,
      -0.0002795,
      0.000824,
      0.9970836
    ],
    "RightHandRing1": [
      0.0471459,
      0.0930048,
      0.0429111,
      0.9936227
    ],
    "RightHandRing2": [
      0.2414727,
      0.0012684,
      0.0029507,
      0.9704023
    ],
    "RightHandRing3": [
      0.0911784,
      0.0001369,
      0.0063139,
      0.9958146
    ],
    "RightHandPinky1": [
      0.0983732,
      0.1326885,
      -0.0124306,
      0.9861856
    ],
    "RightHandPinky2": [
      0.2018899,
      0.0001753,
      0.0013987,
      0.9794072
    ],
    "RightHandPinky3": [
      0.0340007,
      0.0000193,
      0.001724,
      0.9994203
    ],
    "LeftShoulder": [
      -0.0969179,
      -0.0281192,
      0.2922406,
      0.9510056
    ],
    "LeftArm": [
      0.1017013,
      -0.0461894,
      0.4170817,
      0.9019791
    ],
    "LeftForeArm": [
      -0.011528,
      0.0336143,
      0.3257381,
      0.944792
    ],
    "LeftHand": [
      0.1056933,
      -0.2379201,
      0.0908214,
      0.9612359
    ],
    "LeftHandThumb1": [
      -0.1737355,
      0.0510432,
      0.0612164,
      0.9815616
    ],
    "LeftHandThumb2": [
      0.0006364,
      0.0008317,
      -0.140678,
      0.9900549
    ],
    "LeftHandThumb3": [
      -0.0645515,
      -0.0077231,
      -0.1111859,
      0.9916709
    ],
    "LeftHandIndex1": [
      0.1941827,
      0.0219426,
      -0.0507375,
      0.9794066
    ],
    "LeftHandIndex2": [
      0.1942417,
      -0.0001599,
      -0.0023516,
      0.9809509
    ],
    "LeftHandIndex3": [
      0.1623499,
      0.0003488,
      -0.0016072,
      0.9867319
    ],
    "LeftHandMiddle1": [
      0.1429823,
      -0.0247098,
      -0.046743,
      0.988312
    ],
    "LeftHandMiddle2": [
      0.2567164,
      -0.0001079,
      -0.0058679,
      0.966469
    ],
    "LeftHandMiddle3": [
      0.125844,
      0.0003261,
      -0.0005179,
      0.9920499
    ],
    "LeftHandRing1": [
      0.1075627,
      -0.0525965,
      -0.083277,
      0.9893072
    ],
    "LeftHandRing2": [
      0.2940397,
      -0.0010688,
      -0.0028097,
      0.9557885
    ],
    "LeftHandRing3": [
      0.1453557,
      0.0002104,
      -0.0062106,
      0.9893599
    ],
    "LeftHandPinky1": [
      0.1731234,
      -0.0719696,
      -0.0892725,
      0.978202
    ],
    "LeftHandPinky2": [
      0.2633189,
      -0.0001539,
      -0.0020552,
      0.9647066
    ],
    "LeftHandPinky3": [
      0.0970283,
      0.0000789,
      -0.0011721,
      0.9952809
    ],
    "RightUpLeg": [
      0.8135053,
      0.1281405,
      -0.0384569,
      0.5659595
    ],
    "RightLeg": [
      -0.636802,
      -0.0491633,
      0.0373134,
      0.7685531
    ],
    "RightFoot": [
      -0.4645408,
      -0.0278528,
      -0.0360274,
      0.8843801
    ],
    "RightToeBase": [
      0.0303225,
      0,
      0,
      0.9995402
    ],
    "LeftUpLeg": [
      0.830732,
      -0.0638984,
      0.1165995,
      0.5405607
    ],
    "LeftLeg": [
      -0.6496339,
      0.0781277,
      -0.0634751,
      0.7535534
    ],
    "LeftFoot": [
      -0.4654954,
      0.0100242,
      -0.0508815,
      0.8835296
    ],
    "LeftToeBase": [
      0.0373252,
      -1e-7,
      0,
      0.9993032
    ]
  }
}
