{
  "source": "poses/pose-models/poseModel-Animation-Sitting-Crosslegged.glb",
  "clip": "mixamo.com",
  "availableClips": [
    "mixamo.com"
  ],
  "sampleTime": 7.2,
  "pose": {
    "Hips": [
      -0.1815728,
      -0.0302304,
      -0.0260291,
      0.982568
    ],
    "Spine": [
      0.125564,
      0.0109473,
      0.0330812,
      0.9914734
    ],
    "Spine1": [
      0.017712,
      -0.0011001,
      0.0038313,
      0.9998352
    ],
    "Spine2": [
      0.0177324,
      -0.0018401,
      0.0038038,
      0.9998338
    ],
    "Neck": [
      -0.0584768,
      0.0000709,
      0.0048552,
      0.998277
    ],
    "Head": [
      -0.0069939,
      0.0145055,
      -0.0020944,
      0.9998681
    ],
    "RightShoulder": [
      -0.044715,
      -0.0281623,
      -0.1617689,
      0.9854127
    ],
    "RightArm": [
      0.4429229,
      -0.2362989,
      -0.4119451,
      0.7604494
    ],
    "RightForeArm": [
      -1e-7,
      0,
      -0.4850391,
      0.8744925
    ],
    "RightHand": [
      -0.3295975,
      -0.2919411,
      -0.1995929,
      0.8753848
    ],
    "RightHandThumb1": [
      0.0326855,
      -0.0120004,
      -0.2368401,
      0.9709245
    ],
    "RightHandThumb2": [
      -0.1830586,
      0.0793635,
      0.4039561,
      0.8927544
    ],
    "RightHandThumb3": [
      0.0576315,
      0.1063526,
      0.1178818,
      0.9856326
    ],
    "RightHandIndex1": [
      0.4543377,
      0.0428183,
      0.0440109,
      0.8887108
    ],
    "RightHandIndex2": [
      0.1754501,
      0.0010107,
      0.0243017,
      0.9841878
    ],
    "RightHandIndex3": [
      0.0952205,
      0.001641,
      -0.0008424,
      0.9954545
    ],
    "RightHandMiddle1": [
      0.3422531,
      0.00958,
      0.0952544,
      0.9347179
    ],
    "RightHandMiddle2": [
      0.22449,
      0.0015644,
      0.0286875,
      0.9740528
    ],
    "RightHandMiddle3": [
      0.1605384,
      0.0002389,
      0.0174022,
      0.9868761
    ],
    "RightHandRing1": [
      0.3051378,
      0.0086218,
      0.0895188,
      0.9480522
    ],
    "RightHandRing2": [
      0.1151299,
      -0.0007771,
      0.014653,
      0.9932421
    ],
    "RightHandRing3": [
      0.0842236,
      0.0008751,
      -0.0075979,
      0.9964175
    ],
    "RightHandPinky1": [
      0.1486905,
      -0.0011126,
      0.1108807,
      0.9826471
    ],
    "RightHandPinky2": [
      0.1639707,
      0.0010132,
      0.0140998,
      0.9863639
    ],
    "RightHandPinky3": [
      0.0941791,
      0.0040207,
      -0.0088231,
      0.9955081
    ],
    "LeftShoulder": [
      -0.0102832,
      0.0281755,
      0.2409839,
      0.9700655
    ],
    "LeftArm": [
      0.6578708,
      0.0604892,
      -0.097227,
      0.7443749
    ],
    "LeftForeArm": [
      1e-7,
      0,
      0.666299,
      0.7456847
    ],
    "LeftHand": [
      -0.1140208,
      0.4966488,
      0.3732285,
      0.7752675
    ],
    "LeftHandThumb1": [
      0.2050216,
      0.0401296,
      0.1338066,
      0.9687371
    ],
    "LeftHandThumb2": [
      -0.0261654,
      -0.0525041,
      -0.1089961,
      0.9923097
    ],
    "LeftHandThumb3": [
      0.128322,
      -0.0741292,
      -0.1153298,
      0.9822105
    ],
    "LeftHandIndex1": [
      0.4489342,
      -0.0033111,
      -0.121632,
      0.8852416
    ],
    "LeftHandIndex2": [
      0.1743858,
      -0.0010667,
      -0.024549,
      0.9843708
    ],
    "LeftHandIndex3": [
      0.062105,
      -0.000278,
      -0.0043725,
      0.99806
    ],
    "LeftHandMiddle1": [
      0.3383665,
      0.005917,
      -0.1368939,
      0.930985
    ],
    "LeftHandMiddle2": [
      0.2240895,
      -0.0017567,
      -0.0294951,
      0.9741206
    ],
    "LeftHandMiddle3": [
      0.1289182,
      0.0000998,
      -0.0153032,
      0.9915371
    ],
    "LeftHandRing1": [
      0.2999577,
      0.0066103,
      -0.1450906,
      0.942831
    ],
    "LeftHandRing2": [
      0.2062497,
      0.0014221,
      -0.0234621,
      0.978217
    ],
    "LeftHandRing3": [
      0.1549791,
      0.0018711,
      -0.0153014,
      0.9877975
    ],
    "LeftHandPinky1": [
      0.2830054,
      0.030294,
      -0.2233641,
      0.9322546
    ],
    "LeftHandPinky2": [
      0.0360589,
      -0.0002479,
      -0.001859,
      0.9993479
    ],
    "LeftHandPinky3": [
      0.0880073,
      -0.0001573,
      -0.0162378,
      0.9959875
    ],
    "RightUpLeg": [
      0.5389491,
      -0.0920408,
      0.1944505,
      0.8144025
    ],
    "RightLeg": [
      -0.6039618,
      0.0717,
      -0.0296084,
      0.7932292
    ],
    "RightFoot": [
      -0.0907456,
      0.0629738,
      -0.1509295,
      0.9823542
    ],
    "RightToeBase": [
      -0.007404,
      -1e-7,
      0,
      0.9999726
    ],
    "LeftUpLeg": [
      0.6491306,
      -0.0539131,
      -0.1187179,
      0.7494191
    ],
    "LeftLeg": [
      -0.6861825,
      -0.0346788,
      -0.0830628,
      0.721839
    ],
    "LeftFoot": [
      -0.209273,
      -0.0563358,
      -0.0420153,
      0.9753286
    ]
  }
}
