{
  "source": "poses/pose-models/poseModel-Animation-Female Start Walking.glb",
  "clip": "mixamo.com",
  "availableClips": [
    "mixamo.com"
  ],
  "sampleTime": 1.8666666746139526,
  "pose": {
    "Hips": [
      0.0266103,
      0.0250321,
      -0.0121276,
      0.9992588
    ],
    "Spine": [
      -0.0029639,
      -0.0013948,
      0.0133238,
      0.9999059
    ],
    "Spine1": [
      -0.002809,
      -0.0005099,
      0.0063336,
      0.9999759
    ],
    "Spine2": [
      -0.002809,
      -0.0003358,
      0.0063451,
      0.9999759
    ],
    "Neck": [
      -0.00849,
      -0.0038932,
      -0.005247,
      0.9999426
    ],
    "Head": [
      -0.0311192,
      -0.0187429,
      -0.031011,
      0.9988587
    ],
    "RightShoulder": [
      0.0860555,
      -0.0251115,
      0.0032195,
      0.9959686
    ],
    "RightArm": [
      0.4696788,
      -0.303103,
      -0.1448316,
      0.8164277
    ],
    "RightForeArm": [
      0,
      0,
      -0.1907281,
      0.9816429
    ],
    "RightHand": [
      -0.1314077,
      0.1868895,
      -0.0262762,
      0.9731978
    ],
    "RightHandThumb1": [
      -0.0451349,
      0.0277654,
      0.1047159,
      0.9930894
    ],
    "RightHandThumb2": [
      -0.0388226,
      -0.0080921,
      0.1739046,
      0.9839637
    ],
    "RightHandThumb3": [
      -0.0358319,
      -0.0038731,
      0.0362063,
      0.9986942
    ],
    "RightHandIndex1": [
      0.0617182,
      0.0000101,
      0.0076854,
      0.998064
    ],
    "RightHandIndex2": [
      0.0382951,
      -0.0000098,
      0.0044116,
      0.9992567
    ],
    "RightHandIndex3": [
      0.019151,
      0.0000017,
      0.0024222,
      0.9998137
    ],
    "RightHandMiddle1": [
      0.0617182,
      0.0000309,
      0.0080225,
      0.9980614
    ],
    "RightHandMiddle2": [
      0.038295,
      -0.0000326,
      0.0038178,
      0.9992592
    ],
    "RightHandMiddle3": [
      0.019151,
      0.0000062,
      0.002656,
      0.9998131
    ],
    "RightHandRing1": [
      0.0617173,
      -0.0000097,
      0.0073658,
      0.9980665
    ],
    "RightHandRing2": [
      0.0382951,
      0.0000085,
      0.0048886,
      0.9992545
    ],
    "RightHandRing3": [
      0.019151,
      0.0000022,
      0.0024466,
      0.9998136
    ],
    "RightHandPinky1": [
      0.061713,
      -0.0000321,
      0.0070026,
      0.9980694
    ],
    "RightHandPinky2": [
      0.038295,
      -0.0000324,
      0.0038213,
      0.9992592
    ],
    "RightHandPinky3": [
      0.019151,
      0.0000094,
      0.0028304,
      0.9998126
    ],
    "LeftShoulder": [
      0.0892502,
      0.0564814,
      0.1174411,
      0.9874471
    ],
    "LeftArm": [
      0.4847253,
      0.2523968,
      0.1967978,
      0.8140073
    ],
    "LeftForeArm": [
      0,
      0,
      0.078688,
      0.9968993
    ],
    "LeftHand": [
      -0.0702658,
      -0.2846397,
      0.1304576,
      0.9471134
    ],
    "LeftHandThumb1": [
      -0.1038147,
      0.01605,
      -0.124283,
      0.9866705
    ],
    "LeftHandThumb2": [
      0.0089812,
      0.0018429,
      -0.1158216,
      0.9932277
    ],
    "LeftHandThumb3": [
      -0.0146817,
      0.001951,
      -0.0271454,
      0.9995218
    ],
    "LeftHandIndex1": [
      0.0561853,
      0.0000024,
      -0.0067362,
      0.9983976
    ],
    "LeftHandIndex2": [
      0.0854191,
      -0.0000091,
      -0.0104127,
      0.9962907
    ],
    "LeftHandIndex3": [
      0.042749,
      0.0000029,
      -0.0050928,
      0.9990729
    ],
    "LeftHandMiddle1": [
      0.0560471,
      0.0000017,
      -0.0067324,
      0.9984054
    ],
    "LeftHandMiddle2": [
      0.085558,
      -0.0000018,
      -0.010346,
      0.9962795
    ],
    "LeftHandMiddle3": [
      0.042749,
      -0.0000011,
      -0.00518,
      0.9990724
    ],
    "LeftHandRing1": [
      0.0561853,
      -4e-7,
      -0.0067867,
      0.9983973
    ],
    "LeftHandRing2": [
      0.0854191,
      -2e-7,
      -0.0103084,
      0.9962918
    ],
    "LeftHandRing3": [
      0.042749,
      0,
      -0.005159,
      0.9990725
    ],
    "LeftHandPinky1": [
      0.0517155,
      0.0019119,
      -0.0441326,
      0.9976844
    ],
    "LeftHandPinky2": [
      0.0897982,
      0.0030863,
      0.0251494,
      0.9956376
    ],
    "LeftHandPinky3": [
      0.042749,
      0.0000028,
      -0.0050919,
      0.9990729
    ],
    "RightUpLeg": [
      0.0896359,
      0.1565075,
      0.0241139,
      0.9833053
    ],
    "RightLeg": [
      -0.1444224,
      -0.0786994,
      -0.0437411,
      0.9854112
    ],
    "RightFoot": [
      0.0160273,
      -0.1056773,
      0.0294708,
      0.9938344
    ],
    "RightToeBase": [
      0.0847645,
      0,
      0,
      0.996401
    ],
    "LeftUpLeg": [
      0.0079551,
      -0.0224054,
      -0.0311636,
      0.9992315
    ],
    "LeftLeg": [
      0.0087348,
      -0.0236716,
      0.0272532,
      0.9993101
    ],
    "LeftToeBase": [
      0.0250942,
      0,
      0,
      0.9996851
    ]
  }
}
