{
  "source": "poses/pose-models/poseModel-Seated-AttentiveWaitingWideStance.glb",
  "clip": "mixamo.com",
  "availableClips": [
    "mixamo.com"
  ],
  "sampleTime": 0,
  "pose": {
    "Hips": [
      0.0439045,
      0.016347,
      -0.0282673,
      0.9985019
    ],
    "Spine": [
      0.2004998,
      -0.0005859,
      0.0245258,
      0.9793865
    ],
    "Spine1": [
      0.1453526,
      0.0075256,
      -0.0056758,
      0.989335
    ],
    "Spine2": [
      -0.1031051,
      -0.0017131,
      -0.0127873,
      0.9945868
    ],
    "Neck": [
      -0.0717826,
      -0.0064375,
      0.0689473,
      0.9950136
    ],
    "Head": [
      -0.2478074,
      0.0216305,
      0.0030627,
      0.968563
    ],
    "RightShoulder": [
      0.0152656,
      -0.0449759,
      -0.0851569,
      0.9952349
    ],
    "RightArm": [
      0.4559518,
      0.0909321,
      -0.3500178,
      0.8132201
    ],
    "RightForeArm": [
      0.0979446,
      0.1673491,
      -0.4953311,
      0.846787
    ],
    "RightHand": [
      0.154243,
      0.1308596,
      0.0443025,
      0.9783262
    ],
    "RightHandThumb1": [
      -0.0768149,
      -0.1350765,
      0.0459987,
      0.9867816
    ],
    "RightHandThumb2": [
      -0.0194633,
      0.0019134,
      0.1168943,
      0.9929518
    ],
    "RightHandThumb3": [
      -0.0875315,
      0.0123941,
      0.1138645,
      0.9895552
    ],
    "RightHandIndex1": [
      0.1971381,
      -0.021628,
      0.0392684,
      0.9793502
    ],
    "RightHandIndex2": [
      0.3269302,
      0.0106469,
      0.0261917,
      0.9446255
    ],
    "RightHandIndex3": [
      0.1907862,
      0.0053835,
      0.0208191,
      0.981396
    ],
    "RightHandMiddle1": [
      0.2165568,
      0.0233345,
      0.0393591,
      0.9751972
    ],
    "RightHandMiddle2": [
      0.3524886,
      0.0126545,
      0.0321428,
      0.9351783
    ],
    "RightHandMiddle3": [
      0.1447283,
      0.001378,
      0.0133104,
      0.9893809
    ],
    "RightHandRing1": [
      0.1799345,
      0.0949607,
      0.0383175,
      0.9783342
    ],
    "RightHandRing2": [
      0.3300585,
      0.0037907,
      0.0326963,
      0.9433864
    ],
    "RightHandRing3": [
      0.232438,
      0.0107618,
      0.0307135,
      0.9720666
    ],
    "RightHandPinky1": [
      0.1973682,
      0.151587,
      -0.0010106,
      0.9685382
    ],
    "RightHandPinky2": [
      0.343141,
      0.0094079,
      0.0289234,
      0.9387914
    ],
    "RightHandPinky3": [
      0.165634,
      0.0090941,
      0.0234013,
      0.9858677
    ],
    "LeftShoulder": [
      -0.07285,
      0.0157122,
      0.1311633,
      0.9885556
    ],
    "LeftArm": [
      0.4881503,
      -0.1244563,
      0.3538972,
      0.7880208
    ],
    "LeftForeArm": [
      0.1479492,
      -0.3394433,
      0.3710596,
      0.8515891
    ],
    "LeftHand": [
      0.214537,
      -0.026414,
      0.0793648,
      0.9731276
    ],
    "LeftHandThumb1": [
      -0.1321363,
      0.0196342,
      -0.0687918,
      0.9886466
    ],
    "LeftHandThumb2": [
      0.0054847,
      0.0015272,
      -0.1217801,
      0.9925408
    ],
    "LeftHandThumb3": [
      -0.0539453,
      -0.0033022,
      -0.0772287,
      0.9955474
    ],
    "LeftHandIndex1": [
      0.1941825,
      0.0219425,
      -0.0507381,
      0.9794066
    ],
    "LeftHandIndex2": [
      0.1942419,
      -0.00016,
      -0.0023502,
      0.9809508
    ],
    "LeftHandIndex3": [
      0.1623507,
      0.0003487,
      -0.0016066,
      0.9867317
    ],
    "LeftHandMiddle1": [
      0.1429824,
      -0.0247096,
      -0.0467436,
      0.9883119
    ],
    "LeftHandMiddle2": [
      0.2567152,
      -0.0001071,
      -0.0058664,
      0.9664693
    ],
    "LeftHandMiddle3": [
      0.1258441,
      0.0003265,
      -0.0005181,
      0.9920498
    ],
    "LeftHandRing1": [
      0.107562,
      -0.0525965,
      -0.0832778,
      0.9893072
    ],
    "LeftHandRing2": [
      0.2940405,
      -0.0010683,
      -0.0028071,
      0.9557883
    ],
    "LeftHandRing3": [
      0.145356,
      0.0002108,
      -0.0062105,
      0.9893599
    ],
    "LeftHandPinky1": [
      0.1731238,
      -0.0719697,
      -0.0892732,
      0.9782018
    ],
    "LeftHandPinky2": [
      0.2633185,
      -0.0001525,
      -0.0020531,
      0.9647068
    ],
    "LeftHandPinky3": [
      0.0970281,
      0.0000808,
      -0.0011714,
      0.995281
    ],
    "RightUpLeg": [
      0.6988775,
      0.1108939,
      -0.095319,
      0.7001336
    ],
    "RightLeg": [
      -0.7060285,
      -0.0640962,
      0.0584537,
      0.7028504
    ],
    "RightFoot": [
      0.043402,
      0.0147993,
      0.010611,
      0.9988917
    ],
    "RightToeBase": [
      0.0199482,
      0,
      0,
      0.999801
    ],
    "LeftUpLeg": [
      0.7034509,
      -0.0785387,
      0.1700215,
      0.6856246
    ],
    "LeftLeg": [
      -0.7083968,
      0.0094678,
      -0.0060274,
      0.7057252
    ],
    "LeftFoot": [
      0.0304473,
      -0.0410079,
      -0.0302122,
      0.9982377
    ],
    "LeftToeBase": [
      0.0462323,
      -1e-7,
      0,
      0.9989307
    ]
  },
  "name": "Seated Attentive Waiting Wide Stance",
  "gender": "Either",
  "poseType": "Attentive Waiting"
}
