{
  "source": "poses/pose-models/poseModel-Animation-Female Start Walking.glb",
  "clip": "mixamo.com",
  "availableClips": [
    "mixamo.com"
  ],
  "sampleTime": 1,
  "pose": {
    "Hips": [
      0.1007856,
      0.0147783,
      0.0030027,
      0.9947939
    ],
    "Spine": [
      -0.0077164,
      -0.0474745,
      -0.0047732,
      0.9988312
    ],
    "Spine1": [
      -0.0069432,
      -0.0365143,
      0.0017839,
      0.9993074
    ],
    "Spine2": [
      -0.0074701,
      -0.0363626,
      0.0029983,
      0.9993062
    ],
    "Neck": [
      -0.0296304,
      0.0063408,
      -0.0022289,
      0.9995383
    ],
    "Head": [
      -0.2063347,
      0.0472345,
      -0.0676393,
      0.9749973
    ],
    "RightShoulder": [
      0.0870344,
      -0.0271376,
      -0.0045262,
      0.9958253
    ],
    "RightArm": [
      0.5190485,
      -0.2617379,
      -0.0084261,
      0.8136405
    ],
    "RightForeArm": [
      1e-7,
      0,
      -0.1569265,
      0.9876103
    ],
    "RightHand": [
      -0.1456412,
      0.2362443,
      -0.0016001,
      0.9607157
    ],
    "RightHandThumb1": [
      -0.0451349,
      0.0277654,
      0.1047159,
      0.9930894
    ],
    "RightHandThumb2": [
      -0.0388226,
      -0.0080921,
      0.1739046,
      0.9839637
    ],
    "RightHandThumb3": [
      -0.0358319,
      -0.0038731,
      0.0362063,
      0.9986942
    ],
    "RightHandIndex1": [
      0.0617182,
      0.0000101,
      0.0076854,
      0.998064
    ],
    "RightHandIndex2": [
      0.0382951,
      -0.0000098,
      0.0044116,
      0.9992567
    ],
    "RightHandIndex3": [
      0.019151,
      0.0000017,
      0.0024222,
      0.9998137
    ],
    "RightHandMiddle1": [
      0.0617182,
      0.0000309,
      0.0080225,
      0.9980614
    ],
    "RightHandMiddle2": [
      0.038295,
      -0.0000326,
      0.0038178,
      0.9992592
    ],
    "RightHandMiddle3": [
      0.019151,
      0.0000062,
      0.002656,
      0.9998131
    ],
    "RightHandRing1": [
      0.0617173,
      -0.0000097,
      0.0073658,
      0.9980665
    ],
    "RightHandRing2": [
      0.0382951,
      0.0000085,
      0.0048886,
      0.9992545
    ],
    "RightHandRing3": [
      0.019151,
      0.0000022,
      0.0024466,
      0.9998136
    ],
    "RightHandPinky1": [
      0.061713,
      -0.0000321,
      0.0070026,
      0.9980694
    ],
    "RightHandPinky2": [
      0.038295,
      -0.0000324,
      0.0038213,
      0.9992592
    ],
    "RightHandPinky3": [
      0.019151,
      0.0000094,
      0.0028304,
      0.9998126
    ],
    "LeftShoulder": [
      0.0886287,
      0.0495959,
      0.1030119,
      0.9894816
    ],
    "LeftArm": [
      0.4611197,
      0.2302948,
      0.1630421,
      0.8412789
    ],
    "LeftForeArm": [
      1e-7,
      -1e-7,
      0.1711219,
      0.9852499
    ],
    "LeftHand": [
      -0.1471969,
      -0.3303343,
      0.1266962,
      0.9236668
    ],
    "LeftHandThumb1": [
      -0.1038147,
      0.01605,
      -0.124283,
      0.9866705
    ],
    "LeftHandThumb2": [
      0.0089812,
      0.0018429,
      -0.1158216,
      0.9932277
    ],
    "LeftHandThumb3": [
      -0.0146817,
      0.001951,
      -0.0271454,
      0.9995218
    ],
    "LeftHandIndex1": [
      0.0561853,
      0.0000024,
      -0.0067362,
      0.9983976
    ],
    "LeftHandIndex2": [
      0.0854191,
      -0.0000091,
      -0.0104127,
      0.9962907
    ],
    "LeftHandIndex3": [
      0.042749,
      0.0000029,
      -0.0050928,
      0.9990729
    ],
    "LeftHandMiddle1": [
      0.0560471,
      0.0000017,
      -0.0067324,
      0.9984054
    ],
    "LeftHandMiddle2": [
      0.085558,
      -0.0000018,
      -0.010346,
      0.9962795
    ],
    "LeftHandMiddle3": [
      0.042749,
      -0.0000011,
      -0.00518,
      0.9990724
    ],
    "LeftHandRing1": [
      0.0561853,
      -4e-7,
      -0.0067867,
      0.9983973
    ],
    "LeftHandRing2": [
      0.0854191,
      -2e-7,
      -0.0103084,
      0.9962918
    ],
    "LeftHandRing3": [
      0.042749,
      0,
      -0.005159,
      0.9990725
    ],
    "LeftHandPinky1": [
      0.0517155,
      0.0019119,
      -0.0441326,
      0.9976844
    ],
    "LeftHandPinky2": [
      0.0897982,
      0.0030863,
      0.0251494,
      0.9956376
    ],
    "LeftHandPinky3": [
      0.042749,
      0.0000028,
      -0.0050919,
      0.9990729
    ],
    "RightUpLeg": [
      0.4093698,
      0.1233273,
      0.0159312,
      0.9038545
    ],
    "RightLeg": [
      -0.1840741,
      -0.0656892,
      0.0387745,
      0.9799481
    ],
    "RightFoot": [
      -0.0562843,
      -0.048969,
      -0.0337997,
      0.9966402
    ],
    "LeftUpLeg": [
      -0.0461336,
      -0.0357608,
      -0.0287499,
      0.9978809
    ],
    "LeftLeg": [
      -0.1900746,
      -0.0050995,
      0.0318819,
      0.9812386
    ],
    "LeftFoot": [
      0.0718514,
      -0.016315,
      -0.0119106,
      0.9972108
    ],
    "LeftToeBase": [
      0.2767685,
      0,
      0,
      0.9609366
    ]
  }
}
