{
  "source": "poses/pose-models/poseModelAnimation-scanningSurroundings.glb",
  "clip": "mixamo.com",
  "availableClips": [
    "mixamo.com"
  ],
  "sampleTime": 4,
  "pose": {
    "Hips": [
      -0.0359559,
      -0.3677911,
      -0.0097944,
      0.9291614
    ],
    "Spine": [
      0.0503391,
      0.0415087,
      -0.001123,
      0.9978686
    ],
    "Spine1": [
      0.1006359,
      0.0829561,
      -0.0064365,
      0.991438
    ],
    "Spine2": [
      0.1006359,
      0.0827627,
      -0.0085721,
      0.991438
    ],
    "Neck": [
      -0.03756,
      -0.0112203,
      0.0008592,
      0.999231
    ],
    "Head": [
      -0.0544206,
      0.1772266,
      0.0086565,
      0.9826262
    ],
    "RightShoulder": [
      0.0794337,
      -0.040482,
      -0.0800664,
      0.9927945
    ],
    "RightArm": [
      0.4907982,
      0.0969611,
      0.1868022,
      0.8454706
    ],
    "RightForeArm": [
      0.0446995,
      0.0291144,
      -0.3595383,
      0.9316043
    ],
    "RightHand": [
      0.1067537,
      -0.0646006,
      -0.101121,
      0.9870182
    ],
    "RightHandThumb1": [
      -0.0418066,
      0.0788116,
      0.0050745,
      0.9959996
    ],
    "RightHandThumb2": [
      -0.0386914,
      0.001622,
      0.1694069,
      0.9847851
    ],
    "RightHandThumb3": [
      0.0016592,
      -1e-7,
      -0.006921,
      0.9999747
    ],
    "RightHandIndex1": [
      0.0395779,
      0.0099852,
      0.0103998,
      0.9991125
    ],
    "RightHandIndex2": [
      0.147295,
      0.0001735,
      0.0095604,
      0.9890464
    ],
    "RightHandMiddle1": [
      0.110981,
      0.0086827,
      0.0250466,
      0.9934689
    ],
    "RightHandMiddle2": [
      0.2635783,
      0.0011162,
      -0.0175067,
      0.9644785
    ],
    "RightHandRing1": [
      0.1869991,
      -0.0085242,
      0.067234,
      0.9800195
    ],
    "RightHandRing2": [
      0.3204105,
      -0.0022594,
      -0.0337258,
      0.9466755
    ],
    "RightHandPinky1": [
      0.2071425,
      -0.0112499,
      0.0914618,
      0.9739611
    ],
    "RightHandPinky2": [
      0.3492784,
      -0.0124143,
      -0.0695111,
      0.9343547
    ],
    "LeftShoulder": [
      0.0646488,
      0.0266257,
      0.0046115,
      0.9975421
    ],
    "LeftArm": [
      0.5225953,
      -0.1165239,
      0.0474482,
      0.8432467
    ],
    "LeftForeArm": [
      -0.0125491,
      0.0578296,
      0.4049853,
      0.9124062
    ],
    "LeftHand": [
      -0.1627665,
      0.1400669,
      0.0151582,
      0.9765544
    ],
    "LeftHandThumb1": [
      0.0581477,
      0.0194489,
      -0.0843589,
      0.9945472
    ],
    "LeftHandThumb2": [
      -0.0052644,
      0.0005938,
      0.0094109,
      0.9999417
    ],
    "LeftHandThumb3": [
      0.0015268,
      0,
      0.0060746,
      0.9999804
    ],
    "LeftHandIndex1": [
      0.0326865,
      -0.0058283,
      0.0611523,
      0.9975761
    ],
    "LeftHandIndex2": [
      0.1427869,
      -0.0007904,
      -0.0071023,
      0.9897277
    ],
    "LeftHandMiddle1": [
      0.1246493,
      0.006125,
      -0.0858069,
      0.9884646
    ],
    "LeftHandMiddle2": [
      0.1897167,
      -0.0013646,
      0.014147,
      0.981736
    ],
    "LeftHandRing1": [
      0.2649526,
      -0.0133037,
      -0.1308759,
      0.9552458
    ],
    "LeftHandRing2": [
      0.2755451,
      0.0017219,
      0.0240588,
      0.9609855
    ],
    "LeftHandPinky1": [
      0.2908959,
      -0.0146118,
      -0.1658888,
      0.9421502
    ],
    "LeftHandPinky2": [
      0.3361401,
      0.0112799,
      0.0498146,
      0.940426
    ],
    "RightUpLeg": [
      0.0311315,
      0.1239124,
      -0.1234838,
      0.9840876
    ],
    "RightLeg": [
      -0.2852944,
      0.0769364,
      -0.0211169,
      0.9551136
    ],
    "RightFoot": [
      0.1782967,
      0.116614,
      0.0854205,
      0.973301
    ],
    "RightToeBase": [
      0.0155862,
      0.002956,
      -0.003067,
      0.9998695
    ],
    "LeftUpLeg": [
      0.2147363,
      -0.0777589,
      0.1027538,
      0.9681341
    ],
    "LeftLeg": [
      -0.2888301,
      0.1193263,
      -0.0293549,
      0.9494613
    ],
    "LeftFoot": [
      0.0480577,
      -0.051386,
      -0.0378269,
      0.9968044
    ],
    "LeftToeBase": [
      0.0204498,
      0.0075763,
      -0.0279243,
      0.9993721
    ]
  }
}
