{
  "source": "poses/pose-models/poseModelAnimation-scanningSurroundings.glb",
  "clip": "mixamo.com",
  "availableClips": [
    "mixamo.com"
  ],
  "sampleTime": 3,
  "pose": {
    "Hips": [
      -0.0537983,
      -0.4979161,
      0.0019357,
      0.8655528
    ],
    "Spine": [
      0.0495301,
      0.0089949,
      -0.0061113,
      0.9987134
    ],
    "Spine1": [
      0.098921,
      0.0166561,
      -0.0097669,
      0.9949079
    ],
    "Spine2": [
      0.098921,
      0.0163991,
      -0.0101929,
      0.9949079
    ],
    "Neck": [
      -0.0312603,
      -0.1043799,
      0.0030271,
      0.9940415
    ],
    "Head": [
      -0.0695015,
      -0.0374681,
      0.0260451,
      0.9965377
    ],
    "RightShoulder": [
      0.0835253,
      -0.0423177,
      -0.0190971,
      0.9954235
    ],
    "RightArm": [
      0.5101459,
      0.0638269,
      0.2278324,
      0.8269037
    ],
    "RightForeArm": [
      0.0439147,
      -0.0044849,
      -0.4573508,
      0.8881901
    ],
    "RightHand": [
      -0.1151957,
      -0.0849769,
      0.0180281,
      0.9895372
    ],
    "RightHandThumb1": [
      0.0034941,
      0.0750078,
      0.0477061,
      0.996035
    ],
    "RightHandThumb2": [
      -0.028631,
      0.071626,
      0.0199135,
      0.9968217
    ],
    "RightHandThumb3": [
      0.0016592,
      -1e-7,
      -0.006921,
      0.9999747
    ],
    "RightHandIndex1": [
      0.2432438,
      -0.0444579,
      0.0107743,
      0.9688859
    ],
    "RightHandIndex2": [
      0.4336853,
      0.0073041,
      -0.0204592,
      0.9008025
    ],
    "RightHandMiddle1": [
      0.2093841,
      0.0104786,
      0.0195897,
      0.9775811
    ],
    "RightHandMiddle2": [
      0.585439,
      0.0032194,
      -0.0473007,
      0.809329
    ],
    "RightHandRing1": [
      0.2979306,
      0.0038629,
      0.0519394,
      0.9531656
    ],
    "RightHandRing2": [
      0.631531,
      -0.0043788,
      -0.059589,
      0.773045
    ],
    "RightHandPinky1": [
      0.3148366,
      0.0069105,
      0.0705463,
      0.9464953
    ],
    "RightHandPinky2": [
      0.6565196,
      -0.0266627,
      -0.0859133,
      0.7489259
    ],
    "LeftShoulder": [
      0.0601066,
      0.0239617,
      0.0652458,
      0.9957691
    ],
    "LeftArm": [
      0.4824317,
      -0.1469098,
      0.0232631,
      0.8632126
    ],
    "LeftForeArm": [
      -0.0147044,
      0.0176246,
      0.4961378,
      0.8679403
    ],
    "LeftHand": [
      -0.15367,
      0.0991753,
      0.0930914,
      0.9787154
    ],
    "LeftHandThumb1": [
      0.0410162,
      0.0220113,
      -0.1015189,
      0.993744
    ],
    "LeftHandThumb2": [
      -0.0182207,
      -0.0062462,
      -0.0404231,
      0.998997
    ],
    "LeftHandThumb3": [
      0.0015268,
      0,
      0.0060746,
      0.9999804
    ],
    "LeftHandIndex1": [
      0.0145087,
      -0.0064389,
      0.0611397,
      0.998003
    ],
    "LeftHandIndex2": [
      0.1299472,
      -0.0004078,
      -0.0086171,
      0.9914834
    ],
    "LeftHandMiddle1": [
      0.1063186,
      0.007466,
      -0.0883879,
      0.9903677
    ],
    "LeftHandMiddle2": [
      0.1767241,
      -0.0012073,
      0.0126389,
      0.9841785
    ],
    "LeftHandRing1": [
      0.2471466,
      -0.0116583,
      -0.1329994,
      0.9597363
    ],
    "LeftHandRing2": [
      0.2657179,
      0.0015915,
      0.0236415,
      0.9637596
    ],
    "LeftHandPinky1": [
      0.2741863,
      -0.0126967,
      -0.1666857,
      0.9470357
    ],
    "LeftHandPinky2": [
      0.3241729,
      0.0107436,
      0.0496993,
      0.9446303
    ],
    "RightUpLeg": [
      0.0530429,
      0.1150084,
      -0.1356713,
      0.9826255
    ],
    "RightLeg": [
      -0.2816829,
      -0.046077,
      -0.0368726,
      0.957691
    ],
    "RightFoot": [
      0.1768721,
      0.0930677,
      0.0709883,
      0.9772489
    ],
    "RightToeBase": [
      0.0173223,
      0.0017237,
      -0.0018066,
      0.9998468
    ],
    "LeftUpLeg": [
      0.1360693,
      -0.1075891,
      0.112766,
      0.9783627
    ],
    "LeftLeg": [
      -0.2687121,
      0.0147731,
      -0.0028132,
      0.9631031
    ],
    "LeftFoot": [
      0.0675924,
      -0.081402,
      -0.0621697,
      0.9924414
    ],
    "LeftToeBase": [
      0.0235984,
      0.0077961,
      -0.0290137,
      0.99927
    ]
  }
}
