{
  "source": "poses/pose-models/poseModelAnimation-scanningSurroundings.glb",
  "clip": "mixamo.com",
  "availableClips": [
    "mixamo.com"
  ],
  "sampleTime": 1,
  "pose": {
    "Hips": [
      -0.0245926,
      -0.0145824,
      0.0113374,
      0.9995269
    ],
    "Spine": [
      0.0463514,
      0.0443951,
      -0.0052599,
      0.9979243
    ],
    "Spine1": [
      0.0924364,
      0.0924723,
      -0.0096485,
      0.9913684
    ],
    "Spine2": [
      0.0924364,
      0.092193,
      -0.0120282,
      0.9913684
    ],
    "Neck": [
      -0.1004594,
      0.0623454,
      0.019612,
      0.9927922
    ],
    "Head": [
      -0.0376665,
      0.476259,
      -0.010321,
      0.8784373
    ],
    "RightShoulder": [
      0.0988609,
      -0.043002,
      -0.1251043,
      0.9862689
    ],
    "RightArm": [
      0.4852981,
      0.0745194,
      0.2785485,
      0.8254352
    ],
    "RightForeArm": [
      0.0571934,
      0.0132629,
      -0.3645976,
      0.9293124
    ],
    "RightHand": [
      0.0245963,
      -0.0755183,
      -0.0706692,
      0.9943329
    ],
    "RightHandThumb1": [
      0.0353466,
      0.064935,
      0.0640717,
      0.9952029
    ],
    "RightHandThumb2": [
      -0.0322004,
      -0.0026784,
      0.1671318,
      0.9854049
    ],
    "RightHandThumb3": [
      0.0016592,
      -1e-7,
      -0.006921,
      0.9999747
    ],
    "RightHandIndex1": [
      0.0692837,
      0.0108288,
      0.0070988,
      0.997513
    ],
    "RightHandIndex2": [
      0.2209363,
      0.0018621,
      0.0020331,
      0.9752844
    ],
    "RightHandMiddle1": [
      0.1449282,
      0.0102632,
      0.0211558,
      0.9891627
    ],
    "RightHandMiddle2": [
      0.3302913,
      0.0013828,
      -0.0237686,
      0.9435787
    ],
    "RightHandRing1": [
      0.2189309,
      -0.0058683,
      0.06401,
      0.9736208
    ],
    "RightHandRing2": [
      0.3867523,
      -0.0027381,
      -0.0392636,
      0.9213433
    ],
    "RightHandPinky1": [
      0.2382793,
      -0.0078751,
      0.0878396,
      0.9671841
    ],
    "RightHandPinky2": [
      0.4142885,
      -0.015605,
      -0.0733936,
      0.9070474
    ],
    "LeftShoulder": [
      0.0338012,
      0.0214625,
      -0.07441,
      0.9964236
    ],
    "LeftArm": [
      0.5513948,
      -0.0920005,
      0.1235876,
      0.8198938
    ],
    "LeftForeArm": [
      0.0181932,
      0.065383,
      0.4329759,
      0.898847
    ],
    "LeftHand": [
      -0.0946653,
      0.0833268,
      0.0270632,
      0.9916465
    ],
    "LeftHandThumb1": [
      0.0765626,
      0.0230805,
      -0.08292,
      0.9933427
    ],
    "LeftHandThumb2": [
      -0.017712,
      0.0072394,
      -0.0622217,
      0.9978789
    ],
    "LeftHandThumb3": [
      0.0015268,
      0,
      0.0060746,
      0.9999804
    ],
    "LeftHandIndex1": [
      0.2996119,
      0.0168483,
      0.0112999,
      0.9538455
    ],
    "LeftHandIndex2": [
      0.4756106,
      -0.009118,
      0.0350266,
      0.878911
    ],
    "LeftHandMiddle1": [
      0.3887553,
      -0.0213584,
      -0.0311132,
      0.9205678
    ],
    "LeftHandMiddle2": [
      0.5174293,
      -0.0036744,
      0.050831,
      0.854207
    ],
    "LeftHandRing1": [
      0.4779151,
      -0.0484529,
      -0.0568801,
      0.8752223
    ],
    "LeftHandRing2": [
      0.5935019,
      0.0038517,
      0.0426126,
      0.8036945
    ],
    "LeftHandPinky1": [
      0.5593229,
      -0.0744556,
      -0.0332784,
      0.8249284
    ],
    "LeftHandPinky2": [
      0.6414552,
      0.025203,
      0.049766,
      0.7651296
    ],
    "RightUpLeg": [
      -0.0935472,
      0.0882031,
      -0.0524425,
      0.9903125
    ],
    "RightLeg": [
      -0.2454306,
      0.2046967,
      -0.0154837,
      0.9474299
    ],
    "RightFoot": [
      0.2373275,
      0.0810387,
      0.0508937,
      0.9667048
    ],
    "RightToeBase": [
      0.0662422,
      0.0429823,
      -0.034938,
      0.9962649
    ],
    "LeftUpLeg": [
      0.2890373,
      0.0522727,
      -0.049599,
      0.954602
    ],
    "LeftLeg": [
      -0.307117,
      0.309459,
      -0.0187121,
      0.8997578
    ],
    "LeftFoot": [
      0.0219824,
      -0.0436132,
      -0.0328025,
      0.9982678
    ],
    "LeftToeBase": [
      0.0190185,
      0.0144753,
      -0.0364376,
      0.9990501
    ]
  }
}
