{
  "source": "poses/pose-models/poseModelAnimation-scanningSurroundings.glb",
  "clip": "mixamo.com",
  "availableClips": [
    "mixamo.com"
  ],
  "sampleTime": 2,
  "pose": {
    "Hips": [
      -0.0380292,
      -0.3628829,
      0.0019467,
      0.9310564
    ],
    "Spine": [
      0.0514735,
      0.0052761,
      -0.0008085,
      0.9986601
    ],
    "Spine1": [
      0.102807,
      0.0091504,
      -0.0008648,
      0.9946589
    ],
    "Spine2": [
      0.1028069,
      0.0091252,
      -0.0011003,
      0.9946589
    ],
    "Neck": [
      0.0494797,
      -0.2365453,
      -0.0539495,
      0.9688589
    ],
    "Head": [
      -0.0854641,
      -0.3646863,
      0.0041085,
      0.9271908
    ],
    "RightShoulder": [
      0.05612,
      -0.0365637,
      -0.0774955,
      0.9947402
    ],
    "RightArm": [
      0.5416343,
      0.0773277,
      0.2001827,
      0.8127605
    ],
    "RightForeArm": [
      0.0220735,
      0.0223388,
      -0.5066668,
      0.8615698
    ],
    "RightHand": [
      -0.139882,
      -0.0567329,
      -0.0633603,
      0.9865089
    ],
    "RightHandThumb1": [
      0.0805573,
      0.0770049,
      0.0881198,
      0.9898564
    ],
    "RightHandThumb2": [
      -0.0114737,
      -0.0024038,
      0.1698834,
      0.9853944
    ],
    "RightHandThumb3": [
      0.0016592,
      -1e-7,
      -0.006921,
      0.9999747
    ],
    "RightHandIndex1": [
      0.3943912,
      -0.0177949,
      0.0347332,
      0.9181136
    ],
    "RightHandIndex2": [
      0.5052038,
      0.0090907,
      -0.0283819,
      0.8624854
    ],
    "RightHandMiddle1": [
      0.3618846,
      0.0173397,
      0.0013319,
      0.9320607
    ],
    "RightHandMiddle2": [
      0.6587212,
      0.0037595,
      -0.05413,
      0.750428
    ],
    "RightHandRing1": [
      0.424803,
      0.0373703,
      -0.0099728,
      0.9044592
    ],
    "RightHandRing2": [
      0.702131,
      -0.0048492,
      -0.0653191,
      0.7090289
    ],
    "RightHandPinky1": [
      0.4217117,
      0.0653755,
      -0.0370331,
      0.9036115
    ],
    "RightHandPinky2": [
      0.7239851,
      -0.030071,
      -0.0886044,
      0.6834402
    ],
    "LeftShoulder": [
      0.0519791,
      0.0224645,
      0.0277137,
      0.9980108
    ],
    "LeftArm": [
      0.5066098,
      -0.1054073,
      -0.0461047,
      0.8544648
    ],
    "LeftForeArm": [
      0.0312388,
      0.0065941,
      0.4728612,
      0.8805583
    ],
    "LeftHand": [
      -0.191416,
      0.0316124,
      0.0432817,
      0.9800445
    ],
    "LeftHandThumb1": [
      0.0427222,
      0.0201434,
      -0.1298046,
      0.990414
    ],
    "LeftHandThumb2": [
      -0.0178009,
      -0.0006761,
      -0.0685243,
      0.9974904
    ],
    "LeftHandThumb3": [
      0.0015268,
      0,
      0.0060746,
      0.9999804
    ],
    "LeftHandIndex1": [
      0.3196697,
      0.0321438,
      0.0228258,
      0.9467085
    ],
    "LeftHandIndex2": [
      0.4277303,
      -0.0078769,
      0.0287067,
      0.9034161
    ],
    "LeftHandMiddle1": [
      0.4018994,
      -0.0223361,
      -0.0531164,
      0.913869
    ],
    "LeftHandMiddle2": [
      0.4700921,
      -0.0032962,
      0.0453725,
      0.8814442
    ],
    "LeftHandRing1": [
      0.5168081,
      -0.0714316,
      -0.0710626,
      0.8501512
    ],
    "LeftHandRing2": [
      0.5495357,
      0.0035722,
      0.0401146,
      0.834499
    ],
    "LeftHandPinky1": [
      0.5453828,
      -0.0740763,
      -0.0059598,
      0.8348861
    ],
    "LeftHandPinky2": [
      0.5994606,
      0.0232545,
      0.05018,
      0.7984912
    ],
    "RightUpLeg": [
      0.0018645,
      0.1295151,
      -0.1334854,
      0.9825497
    ],
    "RightLeg": [
      -0.2626642,
      -0.1691294,
      -0.0028929,
      0.9499444
    ],
    "RightFoot": [
      0.2358497,
      0.0338226,
      0.0243322,
      0.9708959
    ],
    "RightToeBase": [
      0.0141898,
      0.025785,
      -0.016761,
      0.9994263
    ],
    "LeftUpLeg": [
      0.2152375,
      -0.0654326,
      0.0843204,
      0.9707118
    ],
    "LeftLeg": [
      -0.2956794,
      0.108363,
      -0.0068348,
      0.9490967
    ],
    "LeftFoot": [
      0.0626972,
      -0.0627006,
      -0.0501801,
      0.9947963
    ],
    "LeftToeBase": [
      0.0238456,
      0.0063954,
      -0.0270869,
      0.9993282
    ]
  }
}
