{
  "source": "poses/pose-models/poseModel-Animation-MaleWalking.glb",
  "clip": "mixamo.com",
  "availableClips": [
    "mixamo.com"
  ],
  "sampleTime": 0,
  "pose": {
    "Hips": [
      0.0062188,
      0.0012919,
      -0.0134656,
      0.9998892
    ],
    "Spine": [
      0.0207694,
      0.0124365,
      0.0119121,
      0.999636
    ],
    "Spine1": [
      0.0395178,
      0.0281723,
      -0.0046017,
      0.998811
    ],
    "Spine2": [
      0.0395466,
      0.0280292,
      -0.0051339,
      0.9988113
    ],
    "Neck": [
      -0.0536295,
      -0.012581,
      0.0044521,
      0.9984717
    ],
    "Head": [
      -0.1454194,
      -0.0472348,
      -0.0276642,
      0.9878546
    ],
    "RightShoulder": [
      0.0761197,
      -0.0549195,
      -0.094694,
      0.9910715
    ],
    "RightArm": [
      0.4841557,
      0.2330267,
      -0.1387775,
      0.831885
    ],
    "RightForeArm": [
      -2e-7,
      0,
      -0.131131,
      0.9913651
    ],
    "RightHand": [
      0.1183656,
      -0.302421,
      0.0763168,
      0.9427125
    ],
    "RightHandThumb1": [
      -0.0653663,
      -0.0003989,
      0.0273562,
      0.9974862
    ],
    "RightHandThumb2": [
      0.0572967,
      -0.0842608,
      0.182264,
      0.9779555
    ],
    "RightHandThumb3": [
      0.0097138,
      -0.0438021,
      0.0411716,
      0.9981442
    ],
    "RightHandIndex1": [
      0.1318573,
      0.0000216,
      0.0162325,
      0.9911358
    ],
    "RightHandIndex2": [
      0.1594779,
      -0.0000409,
      0.0191837,
      0.9870151
    ],
    "RightHandIndex3": [
      0.0799992,
      0.0000072,
      0.0098376,
      0.9967464
    ],
    "RightHandMiddle1": [
      0.1318573,
      0.0000662,
      0.0165672,
      0.9911302
    ],
    "RightHandMiddle2": [
      0.1594778,
      -0.0001357,
      0.0185972,
      0.9870263
    ],
    "RightHandMiddle3": [
      0.0799992,
      0.0000259,
      0.0100707,
      0.9967441
    ],
    "RightHandRing1": [
      0.1318565,
      -0.0000206,
      0.015915,
      0.9911411
    ],
    "RightHandRing2": [
      0.1594779,
      0.0000352,
      0.0196549,
      0.9870058
    ],
    "RightHandRing3": [
      0.0799992,
      0.0000091,
      0.009862,
      0.9967461
    ],
    "RightHandPinky1": [
      0.1318521,
      -0.0000685,
      0.0155544,
      0.9911474
    ],
    "RightHandPinky2": [
      0.1594778,
      -0.0001351,
      0.0186006,
      0.9870263
    ],
    "RightHandPinky3": [
      0.0799992,
      0.0000397,
      0.0102447,
      0.9967423
    ],
    "LeftShoulder": [
      0.0810753,
      0.0380671,
      0.0374177,
      0.9952777
    ],
    "LeftArm": [
      0.4828663,
      -0.1994125,
      0.1075975,
      0.8458709
    ],
    "LeftHand": [
      0.1481789,
      0.1364419,
      0.01351,
      0.9794101
    ],
    "LeftHandThumb1": [
      -0.0444821,
      -0.0605013,
      -0.1069516,
      0.9914244
    ],
    "LeftHandThumb2": [
      -0.036858,
      -0.0318007,
      -0.160134,
      0.9858942
    ],
    "LeftHandThumb3": [
      -0.0362207,
      -0.0156958,
      -0.0500942,
      0.9979641
    ],
    "LeftHandIndex1": [
      0.0828665,
      0.0000036,
      -0.0099561,
      0.9965109
    ],
    "LeftHandIndex2": [
      0.0533606,
      -0.0000057,
      -0.0065442,
      0.9985539
    ],
    "LeftHandIndex3": [
      0.02669,
      0.0000017,
      -0.0031546,
      0.9996388
    ],
    "LeftHandMiddle1": [
      0.0827284,
      0.0000024,
      -0.0099523,
      0.9965224
    ],
    "LeftHandMiddle2": [
      0.0534998,
      -0.0000011,
      -0.0064774,
      0.9985468
    ],
    "LeftHandMiddle3": [
      0.02669,
      -6e-7,
      -0.0032419,
      0.9996385
    ],
    "LeftHandRing1": [
      0.0828665,
      -6e-7,
      -0.0100065,
      0.9965104
    ],
    "LeftHandRing2": [
      0.0533606,
      -1e-7,
      -0.0064396,
      0.9985545
    ],
    "LeftHandRing3": [
      0.02669,
      -1e-7,
      -0.0032209,
      0.9996386
    ],
    "LeftHandPinky1": [
      0.0783898,
      0.0028157,
      -0.0472798,
      0.995797
    ],
    "LeftHandPinky2": [
      0.0577705,
      0.0019282,
      0.0290962,
      0.9979039
    ],
    "LeftHandPinky3": [
      0.02669,
      0.0000017,
      -0.0031538,
      0.9996388
    ],
    "RightUpLeg": [
      0.1476643,
      0.0103933,
      0.071076,
      0.9864256
    ],
    "RightLeg": [
      -0.2548,
      0.0832042,
      -0.0239803,
      0.963109
    ],
    "RightFoot": [
      0.1132923,
      0.0372175,
      -0.1036826,
      0.9874359
    ],
    "LeftUpLeg": [
      0.2652715,
      0.0305918,
      0.0707774,
      0.9610857
    ],
    "LeftLeg": [
      -0.4885446,
      0.0300096,
      -0.0151848,
      0.8718905
    ],
    "LeftFoot": [
      -0.0431538,
      -0.0140597,
      -0.011527,
      0.998903
    ],
    "LeftToeBase": [
      0.0632469,
      0,
      0,
      0.9979979
    ]
  }
}
