{
  "source": "poses/pose-models/poseModel-Animation-SeatedOnGroundWhileReadingPeriodical.glb",
  "clip": "mixamo.com",
  "availableClips": [
    "mixamo.com"
  ],
  "sampleTime": 0,
  "pose": {
    "Hips": [
      -0.17569,
      0.0276632,
      -0.0378938,
      0.9833269
    ],
    "Spine": [
      0.2262853,
      0.001186,
      0.0322788,
      0.9735254
    ],
    "Spine1": [
      0.0690874,
      0.0299105,
      0.0137471,
      0.9970674
    ],
    "Spine2": [
      -0.077011,
      0.0093896,
      -0.0592513,
      0.9952238
    ],
    "Neck": [
      0.0537929,
      -0.0411363,
      0.0600069,
      0.9958982
    ],
    "Head": [
      0.0269075,
      0.0031764,
      -0.0034206,
      0.999627
    ],
    "RightShoulder": [
      0.1300952,
      -0.0627743,
      -0.1998563,
      0.9691192
    ],
    "RightArm": [
      0.1639922,
      0.2113305,
      -0.2933267,
      0.9178265
    ],
    "RightForeArm": [
      0.1059893,
      0.2135597,
      -0.4315445,
      0.870016
    ],
    "RightHand": [
      -0.2262143,
      0.1720711,
      -0.0076359,
      0.9587285
    ],
    "RightHandThumb1": [
      -0.0556771,
      0.0138072,
      0.0847171,
      0.9947525
    ],
    "RightHandThumb2": [
      0.0040306,
      -0.0025397,
      0.1269034,
      0.9919036
    ],
    "RightHandThumb3": [
      -0.0226879,
      -0.0000787,
      -0.040212,
      0.9989336
    ],
    "RightHandIndex1": [
      0.199707,
      -0.0348905,
      0.044105,
      0.9782405
    ],
    "RightHandIndex2": [
      0.3254919,
      -0.0001274,
      0.0016937,
      0.9455433
    ],
    "RightHandIndex3": [
      0.2421426,
      -0.0004298,
      0.0018459,
      0.9702388
    ],
    "RightHandMiddle1": [
      0.2381842,
      0.0204996,
      0.0467131,
      0.9698793
    ],
    "RightHandMiddle2": [
      0.3505775,
      -0.001112,
      0.0042864,
      0.9365232
    ],
    "RightHandMiddle3": [
      0.2460886,
      -0.0002798,
      0.0016736,
      0.9692458
    ],
    "RightHandRing1": [
      0.2284486,
      0.0510479,
      0.0724297,
      0.969515
    ],
    "RightHandRing2": [
      0.3826994,
      0.0005815,
      0.0025552,
      0.9238692
    ],
    "RightHandRing3": [
      0.3373567,
      -0.000001,
      0.0067332,
      0.9413528
    ],
    "RightHandPinky1": [
      0.2876591,
      0.0783747,
      0.0669775,
      0.9521679
    ],
    "RightHandPinky2": [
      0.4096042,
      0.0134293,
      0.0056353,
      0.9121471
    ],
    "RightHandPinky3": [
      0.2577168,
      0.0001067,
      0.0023623,
      0.9662176
    ],
    "LeftShoulder": [
      0.0017005,
      -0.0093979,
      0.1828769,
      0.9830894
    ],
    "LeftArm": [
      0.2809717,
      -0.1952426,
      0.4376264,
      0.8315157
    ],
    "LeftForeArm": [
      0.0998576,
      -0.2687379,
      0.3335565,
      0.8980804
    ],
    "LeftHand": [
      -0.2492558,
      -0.0337891,
      -0.0195445,
      0.9676507
    ],
    "LeftHandThumb1": [
      0.0089292,
      0.0782145,
      -0.0905625,
      0.9927745
    ],
    "LeftHandThumb2": [
      -0.0278792,
      -0.0023029,
      -0.1467967,
      0.988771
    ],
    "LeftHandThumb3": [
      -0.0233869,
      0.0065275,
      0.1427807,
      0.9894565
    ],
    "LeftHandIndex1": [
      0.200751,
      0.0178132,
      -0.0428804,
      0.9785413
    ],
    "LeftHandIndex2": [
      0.329007,
      -0.0182731,
      -0.0098997,
      0.9440988
    ],
    "LeftHandIndex3": [
      0.1917758,
      0.0003653,
      -0.0016348,
      0.9814373
    ],
    "LeftHandMiddle1": [
      0.2374458,
      -0.0211035,
      -0.035948,
      0.970506
    ],
    "LeftHandMiddle2": [
      0.370626,
      -0.0216352,
      -0.0201524,
      0.9283115
    ],
    "LeftHandMiddle3": [
      0.1750442,
      0.0004534,
      -0.0009698,
      0.98456
    ],
    "LeftHandRing1": [
      0.220705,
      -0.0422936,
      -0.0620564,
      0.9724452
    ],
    "LeftHandRing2": [
      0.39289,
      -0.0204758,
      -0.016241,
      0.919214
    ],
    "LeftHandRing3": [
      0.2645152,
      0.0002792,
      -0.0066497,
      0.9643586
    ],
    "LeftHandPinky1": [
      0.2630726,
      -0.0837454,
      -0.0616299,
      0.9591565
    ],
    "LeftHandPinky2": [
      0.372367,
      -0.0199965,
      -0.0105755,
      0.9278099
    ],
    "LeftHandPinky3": [
      0.2324155,
      0.0002969,
      -0.0023768,
      0.9726137
    ],
    "RightUpLeg": [
      0.8332867,
      0.1273889,
      -0.0454352,
      0.536042
    ],
    "RightLeg": [
      -0.639108,
      -0.0457724,
      0.034716,
      0.7669685
    ],
    "RightFoot": [
      -0.4621575,
      -0.0212463,
      -0.0313592,
      0.8859885
    ],
    "RightToeBase": [
      0.0303219,
      -2e-7,
      -5e-7,
      0.9995402
    ],
    "LeftUpLeg": [
      0.8503843,
      -0.0560059,
      0.1064272,
      0.5122334
    ],
    "LeftLeg": [
      -0.647638,
      0.0769751,
      -0.0621517,
      0.7554979
    ],
    "LeftFoot": [
      -0.4666724,
      0.0073083,
      -0.0527913,
      0.8828231
    ],
    "LeftToeBase": [
      0.0373248,
      -3e-7,
      -2e-7,
      0.9993032
    ]
  }
}
