{
  "source": "poses/pose-models/poseModel-SeatedOnGroundWhileReadingPeriodicalCrossLegged.glb",
  "clip": "mixamo.com",
  "availableClips": [
    "mixamo.com"
  ],
  "sampleTime": 0,
  "pose": {
    "Hips": [
      -0.1059834,
      0.0123343,
      -0.0396298,
      0.9935013
    ],
    "Spine": [
      0.1339627,
      0.0079088,
      0.0338019,
      0.9903782
    ],
    "Spine1": [
      0.0970329,
      0.0165574,
      -0.0028357,
      0.9951394
    ],
    "Spine2": [
      0.0974612,
      0.0156312,
      -0.0026873,
      0.9951129
    ],
    "Neck": [
      0.1368402,
      0.0064394,
      0.0447713,
      0.9895599
    ],
    "Head": [
      -0.0717126,
      0.0390227,
      -0.0382748,
      0.9959265
    ],
    "RightShoulder": [
      0.0544269,
      -0.0521385,
      -0.1377574,
      0.9875941
    ],
    "RightArm": [
      0.3799032,
      0.2890358,
      -0.1656843,
      0.8629488
    ],
    "RightForeArm": [
      0.0570993,
      0.0657554,
      -0.6528858,
      0.7524334
    ],
    "RightHand": [
      -0.1801935,
      0.1109241,
      -0.1241761,
      0.9694362
    ],
    "RightHandThumb1": [
      -0.0556773,
      0.0138071,
      0.0847171,
      0.9947524
    ],
    "RightHandThumb2": [
      0.0040302,
      -0.0025398,
      0.1269045,
      0.9919035
    ],
    "RightHandThumb3": [
      -0.0226882,
      -0.0000785,
      -0.0402117,
      0.9989336
    ],
    "RightHandIndex1": [
      0.1997073,
      -0.0348911,
      0.0441044,
      0.9782405
    ],
    "RightHandIndex2": [
      0.3254918,
      -0.0001272,
      0.0016938,
      0.9455433
    ],
    "RightHandIndex3": [
      0.2421425,
      -0.0004293,
      0.0018459,
      0.9702388
    ],
    "RightHandMiddle1": [
      0.2381843,
      0.0204993,
      0.0467128,
      0.9698793
    ],
    "RightHandMiddle2": [
      0.3505775,
      -0.0011112,
      0.0042865,
      0.9365232
    ],
    "RightHandMiddle3": [
      0.2460888,
      -0.0002801,
      0.0016733,
      0.9692458
    ],
    "RightHandRing1": [
      0.2284488,
      0.051048,
      0.0724298,
      0.9695149
    ],
    "RightHandRing2": [
      0.3826993,
      0.0005826,
      0.0025556,
      0.9238692
    ],
    "RightHandRing3": [
      0.337357,
      -7e-7,
      0.0067331,
      0.9413527
    ],
    "RightHandPinky1": [
      0.2876592,
      0.0783747,
      0.0669772,
      0.9521679
    ],
    "RightHandPinky2": [
      0.4096046,
      0.0134294,
      0.0056362,
      0.9121469
    ],
    "RightHandPinky3": [
      0.2577167,
      0.0001076,
      0.0023623,
      0.9662176
    ],
    "LeftShoulder": [
      -0.0304295,
      0.0223553,
      0.1419301,
      0.9891563
    ],
    "LeftArm": [
      0.5066781,
      -0.3274329,
      0.1803297,
      0.7768823
    ],
    "LeftForeArm": [
      0.0502641,
      -0.0619493,
      0.6281353,
      0.7740038
    ],
    "LeftHand": [
      -0.1752416,
      -0.0766096,
      0.0409706,
      0.9806848
    ],
    "LeftHandThumb1": [
      0.0089286,
      0.0782151,
      -0.0905628,
      0.9927744
    ],
    "LeftHandThumb2": [
      -0.0278793,
      -0.0023032,
      -0.1467975,
      0.9887709
    ],
    "LeftHandThumb3": [
      -0.0233872,
      0.0065273,
      0.1427806,
      0.9894565
    ],
    "LeftHandIndex1": [
      0.2007505,
      0.0178131,
      -0.0428803,
      0.9785414
    ],
    "LeftHandIndex2": [
      0.3290069,
      -0.0182731,
      -0.0099001,
      0.9440988
    ],
    "LeftHandIndex3": [
      0.191776,
      0.0003658,
      -0.0016347,
      0.9814373
    ],
    "LeftHandMiddle1": [
      0.2374456,
      -0.0211035,
      -0.0359478,
      0.970506
    ],
    "LeftHandMiddle2": [
      0.3706261,
      -0.0216352,
      -0.0201517,
      0.9283114
    ],
    "LeftHandMiddle3": [
      0.175044,
      0.0004534,
      -0.00097,
      0.98456
    ],
    "LeftHandRing1": [
      0.2207051,
      -0.0422938,
      -0.0620563,
      0.9724451
    ],
    "LeftHandRing2": [
      0.3928902,
      -0.0204752,
      -0.0162406,
      0.9192139
    ],
    "LeftHandRing3": [
      0.2645152,
      0.0002794,
      -0.00665,
      0.9643586
    ],
    "LeftHandPinky1": [
      0.2630726,
      -0.083745,
      -0.0616296,
      0.9591566
    ],
    "LeftHandPinky2": [
      0.372367,
      -0.0199973,
      -0.0105759,
      0.9278098
    ],
    "LeftHandPinky3": [
      0.2324156,
      0.0002971,
      -0.0023773,
      0.9726136
    ],
    "RightUpLeg": [
      0.6855936,
      0.5217451,
      0.3359108,
      0.380667
    ],
    "RightLeg": [
      -0.8731015,
      -0.0031962,
      -0.0132701,
      0.4873473
    ],
    "RightFoot": [
      -0.0915531,
      0.1332388,
      0.0944871,
      0.9823124
    ],
    "RightToeBase": [
      0.0063772,
      3e-7,
      -1e-7,
      0.9999797
    ],
    "LeftUpLeg": [
      0.7980713,
      -0.4296368,
      -0.213845,
      0.364369
    ],
    "LeftLeg": [
      -0.8324028,
      0.0290293,
      -0.0409573,
      0.5518925
    ],
    "LeftFoot": [
      -0.2188907,
      -0.206109,
      -0.0021765,
      0.9537302
    ],
    "LeftToeBase": [
      -0.0170911,
      -3e-7,
      0,
      0.9998539
    ]
  }
}
