{
  "source": "poses/pose-models/poseModel-Animation-Sitting-Crosslegged.glb",
  "clip": "mixamo.com",
  "availableClips": [
    "mixamo.com"
  ],
  "sampleTime": 4.8,
  "pose": {
    "Hips": [
      -0.1647651,
      -0.0305053,
      -0.0293983,
      0.9854226
    ],
    "Spine": [
      0.1423347,
      0.0111667,
      0.0275605,
      0.9893718
    ],
    "Spine1": [
      0.0044932,
      -0.0011942,
      0.0114673,
      0.9999234
    ],
    "Spine2": [
      0.0045516,
      -0.0019198,
      0.0115383,
      0.9999212
    ],
    "Neck": [
      -0.0537749,
      0.0008743,
      0.0043209,
      0.9985434
    ],
    "Head": [
      0.0135195,
      0.0202238,
      -0.0048532,
      0.9996923
    ],
    "RightShoulder": [
      -0.0713482,
      -0.0208966,
      -0.1724768,
      0.9822039
    ],
    "RightArm": [
      0.4699118,
      -0.2388091,
      -0.3985077,
      0.7505629
    ],
    "RightForeArm": [
      -1e-7,
      1e-7,
      -0.4990484,
      0.8665741
    ],
    "RightHand": [
      -0.3404945,
      -0.2925754,
      -0.2077331,
      0.8690858
    ],
    "RightHandThumb1": [
      0.0140451,
      -0.0044947,
      -0.2148853,
      0.9765279
    ],
    "RightHandThumb2": [
      -0.190926,
      0.0366571,
      0.3960447,
      0.8974141
    ],
    "RightHandThumb3": [
      0.0657765,
      0.1190064,
      0.1420799,
      0.9804714
    ],
    "RightHandIndex1": [
      0.4670486,
      0.0443971,
      0.0447525,
      0.8819817
    ],
    "RightHandIndex2": [
      0.1750259,
      0.0010079,
      0.0242594,
      0.9842644
    ],
    "RightHandIndex3": [
      0.0947915,
      0.0016364,
      -0.0008865,
      0.9954954
    ],
    "RightHandMiddle1": [
      0.360514,
      0.0151564,
      0.0835475,
      0.9288809
    ],
    "RightHandMiddle2": [
      0.2182321,
      0.0015124,
      0.0280689,
      0.975492
    ],
    "RightHandMiddle3": [
      0.1542094,
      0.0002312,
      0.0167703,
      0.9878958
    ],
    "RightHandRing1": [
      0.3236133,
      0.0144322,
      0.0731446,
      0.9432476
    ],
    "RightHandRing2": [
      0.1100943,
      -0.000744,
      0.0141534,
      0.9938201
    ],
    "RightHandRing3": [
      0.0790894,
      0.0008416,
      -0.0081178,
      0.9968341
    ],
    "RightHandPinky1": [
      0.1950565,
      0.0130859,
      0.1008407,
      0.9755065
    ],
    "RightHandPinky2": [
      0.1639706,
      0.0010132,
      0.0140999,
      0.9863639
    ],
    "RightHandPinky3": [
      0.0941791,
      0.0040207,
      -0.0088231,
      0.9955081
    ],
    "LeftShoulder": [
      -0.0433021,
      0.0237686,
      0.250705,
      0.9668025
    ],
    "LeftArm": [
      0.7107611,
      0.0466144,
      -0.1182947,
      0.6918469
    ],
    "LeftForeArm": [
      -2e-7,
      0,
      0.662097,
      0.7494182
    ],
    "LeftHand": [
      -0.1244352,
      0.5265911,
      0.3968464,
      0.7414382
    ],
    "LeftHandThumb1": [
      0.2162676,
      0.0726164,
      0.1160576,
      0.9666881
    ],
    "LeftHandThumb2": [
      -0.0145155,
      -0.0559438,
      -0.1098607,
      0.9922652
    ],
    "LeftHandThumb3": [
      0.1279666,
      -0.0712173,
      -0.1051764,
      0.983611
    ],
    "LeftHandIndex1": [
      0.4614473,
      -0.0030687,
      -0.1230843,
      0.8785825
    ],
    "LeftHandIndex2": [
      0.1743727,
      -0.0010667,
      -0.0245476,
      0.9843731
    ],
    "LeftHandIndex3": [
      0.0620893,
      -0.000278,
      -0.0043709,
      0.998061
    ],
    "LeftHandMiddle1": [
      0.3539286,
      0.0110296,
      -0.1506339,
      0.9229964
    ],
    "LeftHandMiddle2": [
      0.2181369,
      -0.001702,
      -0.0289079,
      0.9754885
    ],
    "LeftHandMiddle3": [
      0.1228968,
      0.0000971,
      -0.014703,
      0.9923105
    ],
    "LeftHandRing1": [
      0.3145991,
      0.0121756,
      -0.1635857,
      0.9349432
    ],
    "LeftHandRing2": [
      0.2015175,
      0.0013898,
      -0.0229938,
      0.979214
    ],
    "LeftHandRing3": [
      0.1501454,
      0.0018244,
      -0.0148219,
      0.9885511
    ],
    "LeftHandPinky1": [
      0.3235307,
      0.0411149,
      -0.2427422,
      0.9136267
    ],
    "LeftHandPinky2": [
      0.0344904,
      -0.0002372,
      -0.0017011,
      0.9994036
    ],
    "LeftHandPinky3": [
      0.0880073,
      -0.0001573,
      -0.0162378,
      0.9959875
    ],
    "RightUpLeg": [
      0.551442,
      -0.0904996,
      0.1956771,
      0.8058734
    ],
    "RightLeg": [
      -0.602434,
      0.069426,
      -0.0291409,
      0.7946094
    ],
    "RightFoot": [
      -0.0913995,
      0.0615543,
      -0.1519814,
      0.9822214
    ],
    "RightToeBase": [
      -0.0069766,
      0,
      0,
      0.9999757
    ],
    "LeftUpLeg": [
      0.6603271,
      -0.0572855,
      -0.1153762,
      0.7398479
    ],
    "LeftLeg": [
      -0.6846169,
      -0.0314014,
      -0.0852181,
      0.723223
    ],
    "LeftFoot": [
      -0.2082977,
      -0.048805,
      -0.0379519,
      0.9761095
    ]
  }
}
