{
  "source": "poses/pose-models/poseModel-Animation-MaleWalking.glb",
  "clip": "mixamo.com",
  "availableClips": [
    "mixamo.com"
  ],
  "sampleTime": 0.8,
  "pose": {
    "Hips": [
      -0.0166971,
      -0.011023,
      0.0194652,
      0.9996103
    ],
    "Spine": [
      0.025367,
      -0.0208769,
      -0.0122948,
      0.9993846
    ],
    "Spine1": [
      0.0508671,
      -0.0484321,
      0.0015698,
      0.9975292
    ],
    "Spine2": [
      0.050741,
      -0.0485089,
      0.0026013,
      0.9975297
    ],
    "Neck": [
      -0.0745941,
      0.0179643,
      0.0262577,
      0.9967063
    ],
    "Head": [
      -0.1115595,
      0.1293344,
      0.0105788,
      0.9852488
    ],
    "RightShoulder": [
      0.0841609,
      -0.0216083,
      0.0208072,
      0.9960005
    ],
    "RightArm": [
      0.5040035,
      0.1348677,
      0.0101615,
      0.8530463
    ],
    "RightForeArm": [
      1e-7,
      0,
      -0.1294066,
      0.9915916
    ],
    "RightHand": [
      0.1232191,
      -0.2909686,
      0.0724822,
      0.9459919
    ],
    "RightHandThumb1": [
      -0.0653663,
      -0.0003989,
      0.0273562,
      0.9974862
    ],
    "RightHandThumb2": [
      0.0752472,
      -0.0943961,
      0.1415974,
      0.9825362
    ],
    "RightHandThumb3": [
      0.016964,
      -0.0499559,
      0.0203269,
      0.9984004
    ],
    "RightHandIndex1": [
      -0.024102,
      -0.0000039,
      -0.0027735,
      0.9997057
    ],
    "RightHandIndex2": [
      0.0726722,
      -0.0000186,
      0.0086018,
      0.9973188
    ],
    "RightHandIndex3": [
      0.0363604,
      0.0000034,
      0.0045194,
      0.9993285
    ],
    "RightHandMiddle1": [
      -0.024102,
      -0.000012,
      -0.0024359,
      0.9997065
    ],
    "RightHandMiddle2": [
      0.0726722,
      -0.0000618,
      0.0080091,
      0.9973237
    ],
    "RightHandMiddle3": [
      0.0363604,
      0.0000119,
      0.0047532,
      0.9993274
    ],
    "RightHandRing1": [
      -0.0241029,
      0.0000038,
      -0.0030937,
      0.9997047
    ],
    "RightHandRing2": [
      0.0726722,
      0.000016,
      0.0090779,
      0.9973146
    ],
    "RightHandRing3": [
      0.0363604,
      0.0000043,
      0.0045439,
      0.9993284
    ],
    "RightHandPinky1": [
      -0.0241072,
      0.0000126,
      -0.0034575,
      0.9997034
    ],
    "RightHandPinky2": [
      0.0726722,
      -0.0000616,
      0.0080126,
      0.9973237
    ],
    "RightHandPinky3": [
      0.0363604,
      0.0000182,
      0.0049276,
      0.9993266
    ],
    "LeftShoulder": [
      0.0471302,
      0.0501351,
      0.1212563,
      0.9902334
    ],
    "LeftArm": [
      0.4101968,
      -0.1722172,
      0.203975,
      0.8720516
    ],
    "LeftForeArm": [
      0,
      0,
      0.2583832,
      0.9660425
    ],
    "LeftHand": [
      0.1367726,
      -0.009634,
      -0.0500673,
      0.9892895
    ],
    "LeftHandThumb1": [
      -0.0002925,
      -0.1228905,
      -0.165227,
      0.9785693
    ],
    "LeftHandThumb2": [
      -0.0503666,
      -0.0467102,
      -0.202426,
      0.9768854
    ],
    "LeftHandThumb3": [
      -0.0423269,
      -0.0230075,
      -0.0718895,
      0.9962485
    ],
    "LeftHandIndex1": [
      0.2829877,
      0.0000122,
      -0.0341085,
      0.9585169
    ],
    "LeftHandIndex2": [
      0.2058761,
      -0.0000219,
      -0.0249476,
      0.97826
    ],
    "LeftHandIndex3": [
      0.103502,
      0.0000068,
      -0.0124248,
      0.9945516
    ],
    "LeftHandMiddle1": [
      0.2828548,
      0.0000085,
      -0.0341049,
      0.9585562
    ],
    "LeftHandMiddle2": [
      0.2060125,
      -0.0000046,
      -0.0248823,
      0.978233
    ],
    "LeftHandMiddle3": [
      0.103502,
      -0.0000023,
      -0.0125114,
      0.9945506
    ],
    "LeftHandRing1": [
      0.2829877,
      -0.0000022,
      -0.034157,
      0.9585151
    ],
    "LeftHandRing2": [
      0.2058761,
      -3e-7,
      -0.0248452,
      0.9782626
    ],
    "LeftHandRing3": [
      0.103502,
      -1e-7,
      -0.0124908,
      0.9945508
    ],
    "LeftHandPinky1": [
      0.2785671,
      0.0095925,
      -0.0699934,
      0.9578148
    ],
    "LeftHandPinky2": [
      0.2100976,
      0.0074369,
      0.0099804,
      0.9776012
    ],
    "LeftHandPinky3": [
      0.1035019,
      0.0000068,
      -0.0124239,
      0.9945517
    ],
    "RightUpLeg": [
      0.2739277,
      0.0158935,
      -0.0399914,
      0.960787
    ],
    "RightLeg": [
      -0.2720125,
      0.0822253,
      -0.0218624,
      0.958525
    ],
    "RightFoot": [
      0.0459113,
      0.0363476,
      -0.0044579,
      0.9982741
    ],
    "LeftUpLeg": [
      0.0391169,
      0.0161756,
      -0.0742529,
      0.9963407
    ],
    "LeftLeg": [
      -0.1947255,
      -0.0430752,
      0.0110658,
      0.979849
    ],
    "LeftFoot": [
      0.1427367,
      -0.011321,
      0.0652075,
      0.9875455
    ]
  }
}
