{
  "source": "poses/pose-models/poseModel-Animation-ReclinedSittingWithOneLegOnTheOther.glb",
  "clip": "mixamo.com",
  "availableClips": [
    "mixamo.com"
  ],
  "sampleTime": 0,
  "pose": {
    "Hips": [
      -0.3660498,
      -0.0002935,
      -0.0595427,
      0.9286884
    ],
    "Spine": [
      0.1362943,
      -0.0030741,
      0.0684206,
      0.9882981
    ],
    "Spine1": [
      0.0206642,
      0.0126217,
      -0.0075852,
      0.999678
    ],
    "Spine2": [
      0.0213358,
      0.0098095,
      -0.0090105,
      0.9996836
    ],
    "Neck": [
      0.1982758,
      -0.0033373,
      0.0566762,
      0.9785006
    ],
    "Head": [
      0.0453207,
      0.024668,
      0.0137165,
      0.9985737
    ],
    "RightShoulder": [
      0.0275527,
      -0.0517647,
      -0.0619689,
      0.9963539
    ],
    "RightArm": [
      0.4844926,
      -0.1804408,
      -0.2897853,
      0.8054394
    ],
    "RightForeArm": [
      -0.0717177,
      -0.1320962,
      -0.4720129,
      0.8686835
    ],
    "RightHand": [
      0.0214093,
      -0.2665302,
      -0.0790845,
      0.9603379
    ],
    "RightHandThumb1": [
      -0.0190991,
      0.014175,
      0.0581124,
      0.9980267
    ],
    "RightHandThumb2": [
      -0.0064349,
      -0.004039,
      0.1674155,
      0.9858571
    ],
    "RightHandThumb3": [
      -0.0156932,
      -0.0012322,
      -0.0755358,
      0.9970188
    ],
    "RightHandIndex1": [
      0.116251,
      -0.0101964,
      0.0544929,
      0.9916715
    ],
    "RightHandIndex2": [
      0.0454532,
      -0.0000387,
      0.001854,
      0.9989647
    ],
    "RightHandIndex3": [
      0.0438353,
      -0.0001397,
      0.0016143,
      0.9990375
    ],
    "RightHandMiddle1": [
      0.0812079,
      0.007826,
      0.027214,
      0.9962949
    ],
    "RightHandMiddle2": [
      0.2654368,
      -0.0003541,
      0.0049148,
      0.9641157
    ],
    "RightHandMiddle3": [
      0.1002514,
      -0.00011,
      0.0004794,
      0.994962
    ],
    "RightHandRing1": [
      0.0947373,
      0.0403372,
      0.0703355,
      0.9921949
    ],
    "RightHandRing2": [
      0.2833345,
      0.000814,
      0.0027629,
      0.9590168
    ],
    "RightHandRing3": [
      0.2224836,
      -0.0006129,
      0.0065098,
      0.9749145
    ],
    "RightHandPinky1": [
      0.1562773,
      0.0300196,
      0.0357947,
      0.9866078
    ],
    "RightHandPinky2": [
      0.215009,
      -0.0001942,
      0.0008167,
      0.9766117
    ],
    "RightHandPinky3": [
      0.2944707,
      -0.0001978,
      0.0022783,
      0.9556578
    ],
    "LeftShoulder": [
      -0.0346942,
      0.0357925,
      0.0904572,
      0.9946521
    ],
    "LeftArm": [
      0.5183894,
      0.2374824,
      0.1494889,
      0.8077918
    ],
    "LeftForeArm": [
      -0.1118226,
      0.1638722,
      0.552688,
      0.8094304
    ],
    "LeftHand": [
      -0.3172737,
      0.3782611,
      0.2233235,
      0.8404657
    ],
    "LeftHandThumb1": [
      -0.1174108,
      0.0275609,
      -0.0223228,
      0.9924499
    ],
    "LeftHandThumb2": [
      0.0176205,
      0.0032919,
      -0.0742227,
      0.9970806
    ],
    "LeftHandThumb3": [
      -0.04154,
      -0.0049278,
      -0.0296232,
      0.9986854
    ],
    "LeftHandIndex1": [
      0.1941827,
      0.0219421,
      -0.0507374,
      0.9794066
    ],
    "LeftHandIndex2": [
      0.1942423,
      -0.0001602,
      -0.0023519,
      0.9809507
    ],
    "LeftHandIndex3": [
      0.1623507,
      0.0003488,
      -0.001606,
      0.9867318
    ],
    "LeftHandMiddle1": [
      0.1429822,
      -0.0247099,
      -0.0467443,
      0.9883119
    ],
    "LeftHandMiddle2": [
      0.2567153,
      -0.0001068,
      -0.0058659,
      0.9664693
    ],
    "LeftHandMiddle3": [
      0.1258442,
      0.0003256,
      -0.0005187,
      0.9920498
    ],
    "LeftHandRing1": [
      0.0997752,
      -0.0516582,
      -0.083463,
      0.9901567
    ],
    "LeftHandRing2": [
      0.2865012,
      -0.0010898,
      -0.0027965,
      0.9580752
    ],
    "LeftHandRing3": [
      0.1375558,
      0.000161,
      -0.0062115,
      0.9904745
    ],
    "LeftHandPinky1": [
      0.1231529,
      -0.0666414,
      -0.0924257,
      0.9858244
    ],
    "LeftHandPinky2": [
      0.2138699,
      -0.0002741,
      -0.0020268,
      0.97686
    ],
    "LeftHandPinky3": [
      0.0462386,
      0.0000148,
      -0.0011619,
      0.9989297
    ],
    "RightUpLeg": [
      0.3540998,
      0.0551222,
      0.0586899,
      0.9317351
    ],
    "RightLeg": [
      -0.5334688,
      0.0543205,
      -0.033621,
      0.8434038
    ],
    "RightFoot": [
      -0.1699225,
      -0.02777,
      -0.0276185,
      0.9846788
    ],
    "RightToeBase": [
      0.0131982,
      0,
      0,
      0.9999129
    ],
    "LeftUpLeg": [
      0.5819687,
      -0.4939295,
      -0.1714557,
      0.6228556
    ],
    "LeftLeg": [
      -0.7925615,
      -0.1061075,
      0.0652411,
      0.5969347
    ],
    "LeftFoot": [
      -0.1218387,
      0.0323797,
      -0.0256992,
      0.9916887
    ],
    "LeftToeBase": [
      -0.0275974,
      6e-7,
      1e-7,
      0.9996191
    ]
  }
}
