{
  "source": "poses/Salute.glb",
  "clip": "mixamo.com",
  "availableClips": [
    "mixamo.com"
  ],
  "sampleTime": 0,
  "pose": {
    "Hips": [
      -0.0069374,
      -0.0472987,
      -0.0101509,
      0.9988051
    ],
    "Spine": [
      0.0100207,
      0.0126237,
      -0.0089639,
      0.9998299
    ],
    "Spine1": [
      0.0026438,
      0.0035586,
      -0.0037059,
      0.9999833
    ],
    "Spine2": [
      0.0026244,
      0.0031086,
      -0.0041027,
      0.9999833
    ],
    "Neck": [
      0.02313,
      -0.0011097,
      0.0275915,
      0.999351
    ],
    "Head": [
      0.1185318,
      0.0643797,
      0.0510023,
      0.9895475
    ],
    "LeftShoulder": [
      0.0999408,
      0.0244892,
      -0.0174293,
      0.9945393
    ],
    "LeftArm": [
      0.4388976,
      0.2743034,
      0.1957774,
      0.8329452
    ],
    "LeftForeArm": [
      -1e-7,
      -1e-7,
      0.2801426,
      0.9599584
    ],
    "LeftHand": [
      0.0972253,
      0.0080211,
      0.0138118,
      0.9951342
    ],
    "LeftHandThumb1": [
      -0.0603078,
      0.0972391,
      -0.1056634,
      0.9877969
    ],
    "LeftHandThumb2": [
      -0.0204913,
      0.1136882,
      -0.131033,
      0.9846245
    ],
    "LeftHandThumb3": [
      -0.0730465,
      -0.0223664,
      -0.0837954,
      0.9935503
    ],
    "LeftHandIndex1": [
      0.5271065,
      0.009456,
      -0.1033324,
      0.8434404
    ],
    "LeftHandIndex2": [
      0.616152,
      0.0000033,
      -0.0631366,
      0.7850926
    ],
    "LeftHandIndex3": [
      0.5015195,
      -2e-7,
      -0.0513941,
      0.8636184
    ],
    "LeftHandMiddle1": [
      0.6247483,
      -0.0139237,
      -0.0785567,
      0.7767396
    ],
    "LeftHandMiddle2": [
      0.6750947,
      -5e-7,
      -0.0691816,
      0.7344801
    ],
    "LeftHandMiddle3": [
      0.6877434,
      -5e-7,
      -0.0704778,
      0.7225246
    ],
    "LeftHandRing1": [
      0.6467075,
      -0.0144396,
      -0.0804907,
      0.7583417
    ],
    "LeftHandRing2": [
      0.7062423,
      0.0000052,
      -0.0723677,
      0.7042618
    ],
    "LeftHandRing3": [
      0.7183596,
      -6e-7,
      -0.0736152,
      0.691766
    ],
    "LeftHandPinky1": [
      0.6928696,
      -0.0156154,
      -0.0845786,
      0.715915
    ],
    "LeftHandPinky2": [
      0.614397,
      0.0002263,
      -0.0626712,
      0.786504
    ],
    "LeftHandPinky3": [
      0.6143887,
      -0.0001417,
      -0.0631414,
      0.7864729
    ],
    "RightShoulder": [
      0.0557962,
      -0.0169451,
      -0.0095071,
      0.9982531
    ],
    "RightArm": [
      0.3153696,
      0.3278543,
      -0.2357455,
      0.8587652
    ],
    "RightForeArm": [
      1e-7,
      -1e-7,
      -0.8937808,
      0.448504
    ],
    "RightHand": [
      -0.0011512,
      0.1541547,
      -0.1475978,
      0.9769595
    ],
    "RightHandThumb1": [
      0.0482757,
      0.5474493,
      -0.0083628,
      0.8354034
    ],
    "RightHandThumb2": [
      -0.19971,
      -0.1251537,
      -0.0206668,
      0.9716097
    ],
    "RightHandThumb3": [
      -0.0057613,
      -0.0028446,
      0.0071338,
      0.9999539
    ],
    "RightHandIndex1": [
      0.1334023,
      -0.0024513,
      0.0647694,
      0.9889402
    ],
    "RightHandIndex2": [
      0.0086703,
      -1e-7,
      0.0007002,
      0.9999622
    ],
    "RightHandIndex3": [
      -0.0262343,
      0,
      -0.0021371,
      0.9996535
    ],
    "RightHandMiddle1": [
      0.0558894,
      0.0005453,
      0.0271201,
      0.9980684
    ],
    "RightHandMiddle2": [
      0.063553,
      1e-7,
      0.0051771,
      0.997965
    ],
    "RightHandMiddle3": [
      0.0431763,
      0,
      0.0035173,
      0.9990613
    ],
    "RightHandRing1": [
      0.0589351,
      0.002124,
      0.0007725,
      0.9982593
    ],
    "RightHandRing2": [
      0.0780457,
      -5e-7,
      0.0063499,
      0.9969296
    ],
    "RightHandRing3": [
      0.0078778,
      0,
      0.0006418,
      0.9999688
    ],
    "RightHandPinky1": [
      0.1139291,
      0.0054723,
      -0.0031346,
      0.9934689
    ],
    "RightHandPinky2": [
      0.0749377,
      -8e-7,
      0.0060943,
      0.9971696
    ],
    "RightHandPinky3": [
      0.0977991,
      0.0000011,
      0.0079774,
      0.9951742
    ],
    "LeftUpLeg": [
      -0.00637,
      -0.1240573,
      -0.018473,
      0.9920826
    ],
    "LeftLeg": [
      -0.0765545,
      0.0394063,
      0.0295988,
      0.9958466
    ],
    "LeftFoot": [
      0.0718905,
      -0.0039483,
      0.0022364,
      0.9974022
    ],
    "RightUpLeg": [
      -0.0094221,
      0.1102964,
      0.026831,
      0.9934918
    ],
    "RightLeg": [
      -0.0465482,
      0.023908,
      -0.0305155,
      0.9981635
    ],
    "RightFoot": [
      0.0499888,
      0.0212859,
      0.0070339,
      0.9984981
    ]
  },
  "name": "Salute",
  "gender": "Either",
  "poseType": "Salute"
}
