{
  "source": "poses/pose-models/poseModel-Animation-Sitting-Crosslegged.glb",
  "clip": "mixamo.com",
  "availableClips": [
    "mixamo.com"
  ],
  "sampleTime": 0,
  "pose": {
    "Hips": [
      -0.1878852,
      -0.0320274,
      -0.0284284,
      0.981257
    ],
    "Spine": [
      0.1258875,
      0.0074728,
      0.0328835,
      0.9914712
    ],
    "Spine1": [
      0.0418142,
      -0.0016519,
      0.0082615,
      0.9990899
    ],
    "Spine2": [
      0.0418611,
      -0.0022433,
      0.0081787,
      0.9990874
    ],
    "Neck": [
      -0.0500592,
      0.0014685,
      0.0015421,
      0.998744
    ],
    "Head": [
      0.0024714,
      0.0172855,
      -0.0107386,
      0.9997899
    ],
    "RightShoulder": [
      0.0250196,
      -0.0406721,
      -0.1473463,
      0.9879316
    ],
    "RightArm": [
      0.3490869,
      -0.2645431,
      -0.3991732,
      0.8054912
    ],
    "RightForeArm": [
      0,
      0,
      -0.5227296,
      0.8524985
    ],
    "RightHand": [
      -0.3219767,
      -0.2906507,
      -0.1793821,
      0.8829922
    ],
    "RightHandThumb1": [
      0.0302712,
      -0.0103152,
      -0.2358179,
      0.9712709
    ],
    "RightHandThumb2": [
      -0.1840893,
      0.0740834,
      0.402948,
      0.8934516
    ],
    "RightHandThumb3": [
      0.0578925,
      0.108548,
      0.1228619,
      0.9847694
    ],
    "RightHandIndex1": [
      0.459039,
      0.0427724,
      0.04548,
      0.8862197
    ],
    "RightHandIndex2": [
      0.1745096,
      0.0010046,
      0.0242077,
      0.9843573
    ],
    "RightHandIndex3": [
      0.0942694,
      0.0016308,
      -0.0009401,
      0.9955449
    ],
    "RightHandMiddle1": [
      0.3449224,
      0.0097985,
      0.0951077,
      0.9337489
    ],
    "RightHandMiddle2": [
      0.2231665,
      0.0015534,
      0.0285568,
      0.9743607
    ],
    "RightHandMiddle3": [
      0.1591965,
      0.0002371,
      0.0172682,
      0.9870958
    ],
    "RightHandRing1": [
      0.3089269,
      0.0086262,
      0.0903015,
      0.9467499
    ],
    "RightHandRing2": [
      0.113406,
      -0.0007658,
      0.014482,
      0.9934429
    ],
    "RightHandRing3": [
      0.082496,
      0.0008638,
      -0.007773,
      0.9965607
    ],
    "RightHandPinky1": [
      0.1527363,
      -0.0014538,
      0.1116312,
      0.9819409
    ],
    "RightHandPinky2": [
      0.1639707,
      0.0010132,
      0.0140998,
      0.9863639
    ],
    "RightHandPinky3": [
      0.0941791,
      0.0040207,
      -0.0088231,
      0.9955081
    ],
    "LeftShoulder": [
      0.0738842,
      0.0344733,
      0.2483043,
      0.9652449
    ],
    "LeftArm": [
      0.5929395,
      0.0384211,
      -0.1306343,
      0.7936506
    ],
    "LeftForeArm": [
      -1e-7,
      0,
      0.6951299,
      0.7188842
    ],
    "LeftHand": [
      -0.0853261,
      0.5065967,
      0.3623376,
      0.7776829
    ],
    "LeftHandThumb1": [
      0.2065143,
      0.04173,
      0.1291616,
      0.9689828
    ],
    "LeftHandThumb2": [
      -0.02552,
      -0.0520878,
      -0.1088688,
      0.9923624
    ],
    "LeftHandThumb3": [
      0.1278944,
      -0.0740815,
      -0.1122915,
      0.9826218
    ],
    "LeftHandIndex1": [
      0.4535118,
      -0.003789,
      -0.1211529,
      0.8829692
    ],
    "LeftHandIndex2": [
      0.1745717,
      -0.0010681,
      -0.0245678,
      0.9843374
    ],
    "LeftHandIndex3": [
      0.0622959,
      -0.0002783,
      -0.0043917,
      0.998048
    ],
    "LeftHandMiddle1": [
      0.3408926,
      0.005855,
      -0.1367979,
      0.9300776
    ],
    "LeftHandMiddle2": [
      0.2231427,
      -0.001748,
      -0.0294018,
      0.9743407
    ],
    "LeftHandMiddle3": [
      0.1279559,
      0.0000994,
      -0.0152073,
      0.9916633
    ],
    "LeftHandRing1": [
      0.3038167,
      0.0064662,
      -0.1445109,
      0.9416848
    ],
    "LeftHandRing2": [
      0.2051779,
      0.0014149,
      -0.0233561,
      0.9784449
    ],
    "LeftHandRing3": [
      0.1538985,
      0.0018607,
      -0.0151942,
      0.9879681
    ],
    "LeftHandPinky1": [
      0.2864875,
      0.0304543,
      -0.2228501,
      0.9313084
    ],
    "LeftHandPinky2": [
      0.0361033,
      -0.0002482,
      -0.0018632,
      0.9993463
    ],
    "LeftHandPinky3": [
      0.0880073,
      -0.0001573,
      -0.0162378,
      0.9959875
    ],
    "RightUpLeg": [
      0.533781,
      -0.0915107,
      0.1978844,
      0.8170345
    ],
    "RightLeg": [
      -0.6041479,
      0.0719149,
      -0.0295811,
      0.7930691
    ],
    "RightFoot": [
      -0.0910505,
      0.063348,
      -0.1508492,
      0.9823143
    ],
    "RightToeBase": [
      -0.0075675,
      0,
      0,
      0.9999714
    ],
    "LeftUpLeg": [
      0.6457065,
      -0.0517922,
      -0.1154545,
      0.7530278
    ],
    "LeftLeg": [
      -0.6868515,
      -0.0368106,
      -0.0814165,
      0.7212845
    ],
    "LeftFoot": [
      -0.2093409,
      -0.0571775,
      -0.0426599,
      0.975237
    ]
  },
  "name": "Sitting Crosslegged",
  "gender": "Either",
  "poseType": "Cross-legged"
}
