{
  "source": "poses/pose-models/poseModel-Animation-Sitting-Crosslegged.glb",
  "clip": "mixamo.com",
  "availableClips": [
    "mixamo.com"
  ],
  "sampleTime": 2.4,
  "pose": {
    "Hips": [
      -0.186249,
      -0.0324047,
      -0.0275565,
      0.9815813
    ],
    "Spine": [
      0.1255543,
      0.0071929,
      0.0302539,
      0.9915992
    ],
    "Spine1": [
      0.0443039,
      -0.001699,
      0.0082905,
      0.9989823
    ],
    "Spine2": [
      0.0443532,
      -0.002286,
      0.0081975,
      0.9989797
    ],
    "Neck": [
      -0.046553,
      0.0025778,
      0.0009395,
      0.9989121
    ],
    "Head": [
      0.0045073,
      0.0230444,
      -0.0099879,
      0.9996744
    ],
    "RightShoulder": [
      0.0229735,
      -0.0399052,
      -0.1504439,
      0.9875457
    ],
    "RightArm": [
      0.354316,
      -0.2580737,
      -0.4001692,
      0.8048123
    ],
    "RightForeArm": [
      0,
      0,
      -0.5178362,
      0.8554798
    ],
    "RightHand": [
      -0.3229162,
      -0.2864863,
      -0.1906547,
      0.8816471
    ],
    "RightHandThumb1": [
      0.0213237,
      -0.0121862,
      -0.2142286,
      0.9764747
    ],
    "RightHandThumb2": [
      -0.1918368,
      0.0575621,
      0.3986478,
      0.8949666
    ],
    "RightHandThumb3": [
      0.0600927,
      0.1145258,
      0.1353128,
      0.9823254
    ],
    "RightHandIndex1": [
      0.4669677,
      0.043926,
      0.0456009,
      0.8820047
    ],
    "RightHandIndex2": [
      0.1747906,
      0.0010063,
      0.0242358,
      0.9843068
    ],
    "RightHandIndex3": [
      0.0945539,
      0.0016339,
      -0.000911,
      0.995518
    ],
    "RightHandMiddle1": [
      0.3532615,
      0.0127277,
      0.0886017,
      0.9312325
    ],
    "RightHandMiddle2": [
      0.2199027,
      0.0015264,
      0.0282341,
      0.9751119
    ],
    "RightHandMiddle3": [
      0.1559004,
      0.0002331,
      0.016939,
      0.9876275
    ],
    "RightHandRing1": [
      0.3158073,
      0.0104288,
      0.0852992,
      0.9449238
    ],
    "RightHandRing2": [
      0.1106955,
      -0.000748,
      0.014213,
      0.9937525
    ],
    "RightHandRing3": [
      0.0797603,
      0.0008461,
      -0.0080499,
      0.9967812
    ],
    "RightHandPinky1": [
      0.173336,
      0.0032981,
      0.1083214,
      0.9788821
    ],
    "RightHandPinky2": [
      0.1639706,
      0.0010131,
      0.0140997,
      0.9863639
    ],
    "RightHandPinky3": [
      0.0941791,
      0.0040207,
      -0.0088231,
      0.9955081
    ],
    "LeftShoulder": [
      0.0720512,
      0.0341776,
      0.2517197,
      0.9645091
    ],
    "LeftArm": [
      0.6045767,
      0.0201883,
      -0.141798,
      0.7835641
    ],
    "LeftForeArm": [
      -1e-7,
      -1e-7,
      0.6928715,
      0.7210611
    ],
    "LeftHand": [
      -0.0868936,
      0.5121607,
      0.3843675,
      0.7631531
    ],
    "LeftHandThumb1": [
      0.2163097,
      0.0755752,
      0.1232476,
      0.9655613
    ],
    "LeftHandThumb2": [
      -0.0104157,
      -0.0561294,
      -0.1098771,
      0.9923044
    ],
    "LeftHandThumb3": [
      0.1237103,
      -0.076603,
      -0.1040697,
      0.9838685
    ],
    "LeftHandIndex1": [
      0.4612991,
      -0.0035035,
      -0.1223153,
      0.8787661
    ],
    "LeftHandIndex2": [
      0.1749255,
      -0.0010706,
      -0.0246031,
      0.9842736
    ],
    "LeftHandIndex3": [
      0.0626523,
      -0.000279,
      -0.004428,
      0.9980256
    ],
    "LeftHandMiddle1": [
      0.3477789,
      0.0086663,
      -0.1444732,
      0.9263381
    ],
    "LeftHandMiddle2": [
      0.2198098,
      -0.0017173,
      -0.029073,
      0.9751079
    ],
    "LeftHandMiddle3": [
      0.1245758,
      0.0000979,
      -0.0148703,
      0.9920987
    ],
    "LeftHandRing1": [
      0.309603,
      0.0081629,
      -0.1502939,
      0.9388776
    ],
    "LeftHandRing2": [
      0.2021227,
      0.001394,
      -0.0230537,
      0.9790878
    ],
    "LeftHandRing3": [
      0.1507989,
      0.0018307,
      -0.0148866,
      0.9884507
    ],
    "LeftHandPinky1": [
      0.3047392,
      0.0344658,
      -0.2297568,
      0.9236655
    ],
    "LeftHandPinky2": [
      0.035655,
      -0.0002452,
      -0.001818,
      0.9993625
    ],
    "LeftHandPinky3": [
      0.0880073,
      -0.0001573,
      -0.0162378,
      0.9959875
    ],
    "RightUpLeg": [
      0.5355302,
      -0.0937561,
      0.1981897,
      0.81556
    ],
    "RightLeg": [
      -0.6043785,
      0.0720836,
      -0.0303709,
      0.7928481
    ],
    "RightFoot": [
      -0.0916006,
      0.0644888,
      -0.1509683,
      0.9821706
    ],
    "RightToeBase": [
      -0.0071968,
      0,
      -1e-7,
      0.9999741
    ],
    "LeftUpLeg": [
      0.6473261,
      -0.0526444,
      -0.1149002,
      0.7516618
    ],
    "LeftLeg": [
      -0.6867611,
      -0.0372406,
      -0.0819285,
      0.7212905
    ],
    "LeftFoot": [
      -0.2056788,
      -0.0575616,
      -0.0425918,
      0.9759963
    ]
  },
  "name": "Sitting Crosslegged",
  "gender": "Either",
  "poseType": "Cross-legged"
}
