{
  "source": "public/models/Y Bot.glb",
  "clip": "mixamo.com",
  "availableClips": [
    "mixamo.com"
  ],
  "sampleTime": 0,
  "pose": {
    "Hips": [
      0,
      0,
      3e-7,
      1
    ],
    "Spine": [
      0,
      0,
      -2e-7,
      1
    ],
    "Spine1": [
      0,
      0,
      0,
      1
    ],
    "Spine2": [
      0,
      0,
      0,
      1
    ],
    "Neck": [
      0,
      0,
      0,
      1
    ],
    "Head": [
      0,
      0,
      0,
      1
    ],
    "HeadTop_End": [
      0,
      0,
      0,
      1
    ],
    "LeftShoulder": [
      0.0000619,
      0.0000126,
      0,
      1
    ],
    "LeftArm": [
      -0.0000191,
      -2e-7,
      -0.0000011,
      1
    ],
    "LeftForeArm": [
      0,
      -1e-7,
      0,
      1
    ],
    "LeftHand": [
      1e-7,
      2e-7,
      1e-7,
      1
    ],
    "LeftHandThumb1": [
      1e-7,
      -3e-7,
      3e-7,
      1
    ],
    "LeftHandThumb2": [
      -0.0000069,
      0,
      -9e-7,
      1
    ],
    "LeftHandThumb3": [
      0,
      0,
      0,
      1
    ],
    "LeftHandThumb4": [
      0,
      0,
      0,
      1
    ],
    "LeftHandIndex1": [
      -8e-7,
      1e-7,
      -0.0000052,
      1
    ],
    "LeftHandIndex2": [
      -1e-7,
      -1e-7,
      0.000006,
      1
    ],
    "LeftHandIndex3": [
      -1e-7,
      0,
      1e-7,
      1
    ],
    "LeftHandIndex4": [
      0,
      0,
      0,
      1
    ],
    "LeftHandMiddle1": [
      -9e-7,
      0,
      1e-7,
      1
    ],
    "LeftHandMiddle2": [
      1e-7,
      -1e-7,
      -1e-7,
      1
    ],
    "LeftHandMiddle3": [
      0,
      1e-7,
      0,
      1
    ],
    "LeftHandMiddle4": [
      0,
      0,
      0,
      1
    ],
    "LeftHandRing1": [
      -9e-7,
      1e-7,
      -0.0000044,
      1
    ],
    "LeftHandRing2": [
      0.0000025,
      0,
      0.000008,
      1
    ],
    "LeftHandRing3": [
      1e-7,
      1e-7,
      -1e-7,
      1
    ],
    "LeftHandRing4": [
      0,
      0,
      0,
      1
    ],
    "LeftHandPinky1": [
      -0.0000027,
      1e-7,
      -0.0001414,
      1
    ],
    "LeftHandPinky2": [
      0.0000062,
      0,
      0.0003683,
      0.9999999
    ],
    "LeftHandPinky3": [
      -0.0000036,
      0,
      -0.0002296,
      1
    ],
    "LeftHandPinky4": [
      0,
      0,
      0,
      1
    ],
    "RightShoulder": [
      -0.0000617,
      0.0000126,
      0,
      1
    ],
    "RightArm": [
      0.00002,
      2e-7,
      -4e-7,
      1
    ],
    "RightForeArm": [
      0,
      1e-7,
      0,
      1
    ],
    "RightHand": [
      1e-7,
      -2e-7,
      -1e-7,
      1
    ],
    "RightHandThumb1": [
      4e-7,
      3e-7,
      -0.000001,
      1
    ],
    "RightHandThumb2": [
      -0.0000087,
      0,
      0,
      1
    ],
    "RightHandThumb3": [
      0,
      0,
      0,
      1
    ],
    "RightHandThumb4": [
      0,
      0,
      0,
      1
    ],
    "RightHandIndex1": [
      -8e-7,
      0,
      0.0000043,
      1
    ],
    "RightHandIndex2": [
      -1e-7,
      0,
      -0.000006,
      1
    ],
    "RightHandIndex3": [
      -1e-7,
      0,
      -1e-7,
      1
    ],
    "RightHandIndex4": [
      0,
      0,
      0,
      1
    ],
    "RightHandMiddle1": [
      -9e-7,
      0,
      -1e-7,
      1
    ],
    "RightHandMiddle2": [
      1e-7,
      1e-7,
      1e-7,
      1
    ],
    "RightHandMiddle3": [
      0,
      -1e-7,
      0,
      1
    ],
    "RightHandMiddle4": [
      0,
      0,
      0,
      1
    ],
    "RightHandRing1": [
      -9e-7,
      -1e-7,
      0.0000052,
      1
    ],
    "RightHandRing2": [
      -1e-7,
      0,
      -0.000008,
      1
    ],
    "RightHandRing3": [
      1e-7,
      0,
      1e-7,
      1
    ],
    "RightHandRing4": [
      0,
      0,
      0,
      1
    ],
    "RightHandPinky1": [
      -0.000001,
      -1e-7,
      0.0000035,
      1
    ],
    "RightHandPinky2": [
      1e-7,
      0,
      -0.0000105,
      1
    ],
    "RightHandPinky3": [
      -1e-7,
      1e-7,
      0.0000105,
      1
    ],
    "RightHandPinky4": [
      0,
      0,
      0,
      1
    ],
    "LeftUpLeg": [
      0.0000103,
      -1e-7,
      1e-7,
      1
    ],
    "LeftLeg": [
      -0.0000198,
      -1e-7,
      0,
      1
    ],
    "LeftFoot": [
      0.0000094,
      -6e-7,
      3e-7,
      1
    ],
    "LeftToeBase": [
      0,
      0,
      0,
      1
    ],
    "LeftToe_End": [
      0,
      0,
      0,
      1
    ],
    "RightUpLeg": [
      5e-7,
      0,
      3e-7,
      1
    ],
    "RightLeg": [
      0,
      0,
      0,
      1
    ],
    "RightFoot": [
      -5e-7,
      -5e-7,
      -2e-7,
      1
    ],
    "RightToeBase": [
      0,
      0,
      0,
      1
    ],
    "RightToe_End": [
      0,
      0,
      0,
      1
    ]
  }
}
